<?xml version="1.0" encoding="UTF-8" standalone="yes"?>
<Package xmlns="http://soap.sforce.com/2006/04/metadata">
    <fullName>aurora</fullName>
    <types>
        <members>The_Aurora_A</members>
        <members>Pru_Logo</members>
        <name>ContentAsset</name>
    </types>
    <types>
        <members>Customer_Office</members>
        <members>Alert_Admin</members>
        <name>CustomApplication</name>
    </types>
    <types>
        <members>Activity</members>
        <members>Case</members>
        <members>Account</members>
        <members>Case_Types_to_Authorize__c</members>
        <members>Contact</members>
        <members>Lead</members>
        <members>Task</members>
        <members>Case_Types_to_Authorize__c</members>
        <members>User_Notifications__c</members>

		<members>Account</members>
        <members>Activity</members>
        <members>Additional_Contact_Information__c</members>
        <members>Dependents__c</members>
        <members>Opportunity</members>
        <members>Product_Agent__c</members>
        <members>Product_Client_Relations__c</members>
        <members>Product_Summary__c</members>
        <members>Relations__c</members>
        <members>User</members>
		<members>Product_Client_Relations__c</members>
        <name>CustomObject</name>
    </types>
    <types>
        <members>ActivityHelper</members>
        <!--<members>ActivityHelperTest</members>-->
        <members>ActivityHistory</members>
        <members>ActivityHistoryTest</members>
        <members>ActivityHistoryResponseConverter</members>
        <members>ContactDetailsController</members>
        <members>AccountsController</members>
        <members>AccountsControllerTest</members>
        <members>ChatterNotificationsHelper</members>
        <members>ChatterNotificationsHelperTest</members>
        <members>ContactDetailsControllerHelper</members>
        <members>ContactDetailsControllerHelperTest</members>
        <members>ContactDetailsControllerTest</members>
        <members>ContactHelper</members>
        <members>ContactHelperTest</members>
        <members>ContactListController</members>
        <members>ContactListControllerTest</members>
        <members>CustomerAuthFormController</members>
        <members>GetProfilesCalloutMock</members>
        <members>ResetPasswordResponseConverter</members>
        <members>ResetPasswordResponseConverterTest</members>
        <members>ResponseHeaderConverter</members>
        <members>ResponseHeaderConverterTest</members>
        <members>SearchProfileResponseConverter</members>
        <members>SearchProfileResponseConverterTest</members>
        <members>ServiceHelper</members>
        <members>ServiceHelperTest</members>
        <members>SObjectRecordService</members>
        <members>SObjectTableWrapper</members>
        <members>ConnectApiHelper</members>
        <members>ConnectApiHelperTest</members>
        <members>SObjectRecordServiceTest</members>
        <members>TestDataFactory</members>
        <members>ContactHelperTest</members>
        <members>CustomerAuthFormController</members>
        <members>LeadDetailsController</members>
        <members>LeadDetailsControllerHelper</members>
        <members>LeadDetailsControllerTest</members>
        <members>CalloutHelper</members>
        <members>GetProfileInfoResponseConverter</members>
        <members>MockHttpResponseGenerator</members>
        <members>UpdateActivityQueueableJob</members>
        <members>LeadDetailsControllerHelperTest</members>
        <members>AggregatedAccountsResponseConverter</members>
        <members>AggregatedAccountsResponseConverterTest</members>
        <members>CaseInitService</members>
        <members>CaseInitServiceTest</members>
        <members>CaseInitServiceTestHelper</members>
        <members>RestServiceResponse</members>
        <members>CaseCreationController</members>
        <members>CaseCreationControllerTest</members>
        <members>CaseController</members>
        <members>CaseControllerTest</members>
        <members>ContactListControllerHelper</members>
        <members>ContactListControllerHelperTest</members>
        <members>CallReceiverController</members>
        <members>CallReceiverControllerTest</members>
        <members>ResetCustomerAuthBatch</members>
        <members>CustomLookUpController</members>
        <members>CustomLookUpControllerTest</members>
        <members>GlobalProfileSearchResponseConverter</members>
        <members>GlobalProfileSearchResponseConverterTest</members>
        <members>GlobalSearchService</members>
        <members>GlobalSearchServiceTest</members>
        <members>AppointmentController</members>
        <members>AppointmentControllerTest</members>
        <members>AppointmentCreationWebService</members>
        <members>AppointmentCreationWebServiceTest</members>
        <members>CaseDetailsController</members>
        <members>ContactOpenItem</members>
        <members>ContactOpenItemService</members>
        <members>ContactOpenItemsController</members>
        <members>ContactOpenItemsControllerTest</members>
        <members>UserAgentResponseConverter</members>
        <members>UserAgentResponseConverterTest</members>
        <members>UserAgentService</members>
        <members>UserAgentHelper</members>
        <members>ApexCallResponse</members>
        <members>ReassignContactToAnotherAgentQueuebleJob</members>
        <members>ApplicationException</members>
        <members>AlerDefinitionResponse</members>
        <members>AlertChannel</members>
        <members>AlertDefSearch</members>
        <members>AlertDefinition</members>
        <members>AlertDefinitionDetailController</members>
        <members>AlertDefinitionListController</members>
        <members>AlertDefinitionListControllerTest</members>
        <members>AlertDefinitionResponse</members>
        <members>AlertError</members>
        <members>AlertManagement</members>
        <members>AlertManagementHelper</members>
        <members>AlertResponse</members>
        <members>AlertTemplate</members>
        <members>AlertTemplateMap</members>
        <members>AlertTemplateMapDTO</members>
        <members>AlertsResponse</members>
        <members>Error</members>
        <members>FeeStructureController</members>
        <members>GoalSummary</members>
        <members>GoalSummaryController</members>
        <members>ResponseConverter</members>
        <members>UpdateAlertDefinitionResponse</members>
        <members>GoalDetailController</members>
        <members>ManagedAccountsAggregate</members>
        <members>AboutMeCtrl</members>
        <members>AlertDetailController</members>
        <members>AboutMeCtrlTest</members>
        <members>AlertDetailControllerTest</members>
        <members>MockHttpResponseGenerator</members>
        <members>GoalDetailControllerTest</members>
        <members>GoalDetailViewCtrl</members>
        <members>GoalDetailViewCtrlTest</members>
        <members>GoalSummaryControllerTest</members>
        <members>AccountDetail</members>
        <members>ContactAlertList</members>
        <members>ContactAlertResponse</members>
        <members>ContactAlertResponse_Test</members>
        <members>UserContactDetails</members>
        <members>FeeStructureControllerTest</members>
        <members>AccountDetailTest</members>
        <members>ManagedAccountAggregateTest</members>
        <members>TerminateManagedAccountWrap</members>
        <members>TerminateManagedAccountsModalCtrl</members>
        <members>ContactAlertList</members>
        <members>ContactDetailResponse</members>
        <members>TerminateManagedAccountsModalCtrlTest</members>
        <members>BycStatus</members>
        <members>TestAlertDefSearch</members>
        <members>TestAlertDefinition</members>
        <members>TestAlerDefinitionResponse</members>
        <members>TestAlertManagementHelper</members>
        <members>TestAlertError</members>
        <members>TestAlertTemplateMap</members>
        <members>ManagedAccountActivityTimelineCtrl</members>
        <members>ManagedAccountActivityTimelineCtrlTest</members>
        <members>BycStatusTest</members>
        <members>UserAgentServiceTest</members>
        <members>AlertAlreadySentResponse</members>
        <members>AlertGroup</members>
        <members>AlertTrigger</members>
        <members>ReSendAlertDefinition</members>
        <members>ContactListControllerHelperTest</members>
        <members>ResetCustomerAuthBatchTest</members>
        <members>TestDataFactoryTest</members>
     <!--   <members>CommonRestServiceResponse</members>
        <members>LiteRegistrationCsrResponseConverter</members>
        <members>LiteRegistrationRequest</members>
        <members>LiteRegistrationResponse</members>
        <members>ProfileRegistrationService</members>
        <members>ProfileRegistrationWebService</members>-->
        <members>RelationsController</members>
        <members>UserRedirect</members>
        <name>ApexClass</name>
    </types>
    <types>

        <members>CaseStatus</members>
        <members>CaseReason</members>
        <members>CaseType</members>
        <members>CaseOrigin</members>
        <members>CasePriority</members>
        <members>LeadSource</members>
        <members>LeadStatus</members>

        <members>AccountRating</members>
        <members>LeadSource</members>
        <members>Salutation</members>
		<members>OpportunityStage</members>
        <name>StandardValueSet</name>
    </types>
    <types>    
        <members>ContactTrigger</members>
        <members>AccountTrigger</members>
        <name>ApexTrigger</name>  
    </types>
    <!-- <types>
     <members>AppSwitcher</members>
     <members>Salesforce1</members>
     <name>AppMenu</name>
   </types> -->
    <types>
        <members>*</members>
        <name>AuraDefinitionBundle</name>
    </types>
    <types>
        <members>Case.Interactive</members>
        <members>Case.WebToCase</members>
		<members>Opportunity.ILI Sales Process</members>
        <name>BusinessProcess</name>
    </types>
    <types>
        <members>Activity.IsCall__c</members>
        <members>Activity.Activity_Date_Time__c</members>
        <members>Activity.Agent_XID__c</members>
        <members>Activity.Call_Disposition__c</members>
        <members>Activity.CSR_Name__c</members>
        <members>Activity.CSR_Too__c</members>
        <members>Activity.Source__c</members>
        <members>Activity.Managed_Account__c</members>
        <members>Activity.Life_Insurance__c</members>
        <members>Activity.Annuities__c</members>
        <members>Activity.Other__c</members>
        <members>Activity.Please_Specify__c</members>
        <members>User_Notifications__c.Subject__c</members>
        <members>User_Notifications__c.Description__c</members>
        <members>User_Notifications__c.Display_Start_Time__c</members>
        <members>User_Notifications__c.Display_End_Time__c</members>
        <members>*</members>
        <name>CustomField</name>
    </types>
    <types>
        <members>*</members>
        <name>CompactLayout</name>
    </types>
    <types>
        <members>Activity_Source</members>
        <members>Back_Office_Queue</members>
        <members>Contact_Dashboard_Url</members>
        <members>Contract_Annuity_Url</members>
        <members>Basic_Auth_Key_Activate_Account</members>
        <members>Basic_Auth_Key_Aggregate_Account</members>
        <members>Basic_Auth_Key_Audit_Trail</members>
        <members>Basic_Auth_Key_Deactivate_Account</members>
        <members>Basic_Auth_Key_Profile</members>
        <members>Basic_Auth_Key_Reset_Password</members>
        <members>Basic_Auth_Key_Profiles</members>
        <members>Basic_Auth_Key_Unlock_Account</members>
        <members>Basic_Auth_Key_Lite_Registration</members>
        <members>Basic_Auth_Key_Lite_Registration</members>
        <members>Basic_Auth_Key_Global_Profiles</members>
        <members>XPruImpersonatedBUIDType_Api_Header</members>
        <members>Default_Poster_User_Id</members>
        <members>Close_Case_Statuses</members>
        <members>Authentication_Req_Types</members>
        <members>Activity_Type_View_Dashboard</members>
		<members>*</members>
        <name>CustomLabel</name>
    </types>
    <types>
        <members>CustomLabels</members>
        <name>CustomLabels</name>
    </types>
    <types>
        <members>*</members>
        <name>CustomMetadata</name>
    </types>
    <types>
        <members>*</members>
        <name>CustomPageWebLink</name>
    </types>
    <types>
        <members>*</members>
        <name>CustomPermission</name>
    </types>
    <types>
        <members>*</members>
        <name>CustomTab</name>
    </types>
    <types>
        <members>*</members>
        <name>Dashboard</name>
    </types>
    <types>
        <members>Advice_2_0_UtilityBar</members>
        <members>Advice_UtilityBar</members>
        <members>Case_Record_Page3</members>
        <members>Case_Record_Page6</members>
        <members>Case_Record_Page</members>
        <members>Contact_Record_Page1</members>
        <members>Contact_Record_Page</members>
        <members>Lead_Record_Page</members>
        <members>Lead_Record_Page1</members>
        <members>Home_Page_Default</members>
        <members>BDR_Home</members>
        <members>Back_Office_Home</members>
        <members>CSR_Home</members>
        <members>IAR_Home</members>
        <members>Account_Record_Page</members>
        <members>Alert_Admin_UtilityBar</members>
        <name>FlexiPage</name>
    </types>
    <types>
        <members>Backoffice_Manager</members>
        <members>Backoffice_Rep</members>
        <members>BDR</members>
        <members>BDR_Manager</members>
        <members>CSR</members>
        <members>CSR_Manager</members>
        <members>IAR</members>
        <members>IAR_Manager</members>
        <members>Supervisor_Backoffice</members>
        <members>Supervisor_BDR</members>
        <members>Supervisor_CSR</members>
        <members>Supervisor_IAR</members>
        <members>System_Administrators</members>
        <name>Group</name>
    </types>
    <types>
        <members>Case-Case Layout</members>
        <members>Contact-Contact Layout</members>
        <members>Global-Global Layout</members>
        <members>Knowledge__kav-Knowledge Layout</members>
        <members>Knowledge__kav-Case Resolution Guide Layout</members>
        <members>Knowledge__kav-FAQ Layout</members>
        <members>Knowledge__kav-Internal Job Aids Layout</members>
        <members>Knowledge__kav-Reference Layout</members>
        <members>Knowledge__kav-Training Layout</members>
        <members>Knowledge__kav-Troubleshooting Layout</members>
        <members>Task-Task Layout</members>
        <members>Lead-Agent Lead Layout</members>
        <members>Lead-Lead Layout</members>
        <members>User_Notifications__c-User Notifications Layout</members>
        <members>PersonAccount-Person Account Layout</members>
		<members>PersonAccount-BDR Person Account Layout</members>
        <name>Layout</name>
    </types>
    <types>
        <members>Account.AllAccounts</members>
        <members>Account.MyAccounts</members>
        <members>Case.AllOpenCases</members>
        <members>Case.Backoffice_escalation_Case</members>
        <members>Case.Backoffice_Manager_Case</members>
        <members>Case.Backoffice_Rep_Case</members>
        <members>Case.BDR_Case</members>
        <members>Case.BDR_Manager_Case</members>
        <members>Case.CSR_Case</members>
        <members>Case.CSR_Manager_Case</members>
        <members>Case.Escalation_BD_Rep_Case</members>
        <members>Case.Escalation_CSR_Case</members>
        <members>Case.Escalation_IAR_Case</members>
        <members>Case.IAR_Case</members>
        <members>Case.IAR_Manager_Case</members>
        <members>Case.MyCases</members>
        <members>Case.MyOpenCases</members>
        <members>Contact.AllContacts</members>
        <members>Contact.Contacts_with_Created_Date</members>
        <members>Contact.MyContacts</members>
        <members>Case.Quality_Review_Case</members>
        <members>Lead.AllOpenLeads</members>
        <members>Lead.Lead_Score_View</members>
        <members>Lead.MyUnreadLeads</members>
        <members>Lead.TodaysLeads</members>
        <members>Lead.BDR_Assigned_Leads</members>
        <members>Lead.Back_Office_Assigned_Leads</members>
        <members>Lead.IAR_Assigned_Leads</members>
        <members>Lead.My_Open_Leads</members>
        <members>Activity.MyActivities</members>
        <members>Activity.MyDelegatedActivities</members>
        <members>Activity.MyTeamsActivities</members>
        <members>Activity.TodaysTasks</members>
        <members>Activity.UpcomingEvents</members>
        <members>Case.BDR_Escalation_Case</members>
        <members>Case.CSR_Escalation_Case</members>
        <members>Case.IAR_Escalation_Case</members>
        <members>Knowledge__kav.archived_articles</members>
        <members>Knowledge__kav.draft_articles</members>
        <members>Knowledge__kav.published_articles</members>
        <members>User_Notifications__c.All</members>

		<members>Opportunity.AllOpportunities</members>
		<members>Opportunity.ClosingNextMonth</members>
		<members>Opportunity.ClosingThisMonth</members>
		<members>Opportunity.Default_Opportunity_Pipeline</members>
		<members>Opportunity.MyOpportunities</members>
		<members>Opportunity.NewThisWeek</members>
		<members>Opportunity.Won</members>
		<members>Product_Client_Relations__c.All_Account_Related_Products</members>

		<members>User.ActiveUsers</members>
		<members>User.AdminUsers</members>
		<members>User.AllUsers</members>
		<members>User.By_Firm_Users</members>
		<members>User.Chatter_Only_Users</members>
		<members>User.Created_Today</members>
		<members>User.PAT1_Users</members>
		<members>User.QBNY_Office_Management</members>
		<members>User.QBNY_Office_Management</members>

        <name>ListView</name>
    </types>
    <types>
        <members>*</members>
        <name>NamedCredential</name>
    </types>
    <types>
        <members>Backoffice_escalation</members>
        <members>Backoffice_Manager</members>
        <members>Backoffice_Rep</members>
        <members>BDR</members>
        <members>BDR_Escalation</members>
        <members>BDR_Manager</members>
        <members>CSR</members>
        <members>CSR_Escalation</members>
        <members>CSR_Manager</members>
        <members>IAR</members>
        <members>IAR_Escalation</members>
        <members>IAR_Manager</members>
        <name>Queue</name>
    </types>
    <types>
        <members>Account.Activate_Account</members>
        <members>Account.Deactivate_Account</members>
        <members>Account.Reset_Password</members>
        <members>Account.Unlock_Account</members>
        <members>Lead.Engage</members>
        <members>Case</members>
        <members>Case.Child_Case</members>
        <members>Case.Event</members>
        <members>Case.Log_a_Call</members>
        <members>Case.SendEmail</members>
        <members>Case.Send_Email</members>
        <members>Case.SendEmail</members>
        <members>Contact.Activate_Account</members>
        <members>Contact.Case</members>
        <members>Contact.Deactivate_Account</members>
        <members>Contact.Event</members>
        <members>Contact.Log_a_Call</members>
        <members>Contact.Note</members>
        <members>Contact.Reset_Password</members>
        <members>Contact.Task</members>
        <members>Contact.Unlock_Account</members>
        <members>Contact.Create_Case</members>
        <members>NewContact</members>
        <members>Create_Lead</members>
        <members>NewEvent</members>
        <members>NewLead</members>
        <members>NewOpportunity</members>
        <members>NewTask</members>
        <members>New_Case</members>
        <members>Task</members>
        <members>Log_a_Call</members>
        <members>LogACall</members>
        <name>QuickAction</name>
    </types>
    <types>
        <members>Account.Business_Account</members>
        <members>PersonAccount.PersonAccount</members>
        <members>Case.Email_WebToCase</members>
        <members>Case.Interactive</members>
        <members>Task.Log_a_Call</members>
        <members>Task.Task</members>
        <members>Knowledge__kav.Case_Resolution_Guide</members>
        <members>Knowledge__kav.FAQ</members>
        <members>Knowledge__kav.Internal_Job_Aids</members>
        <members>Knowledge__kav.Reference</members>
        <members>Knowledge__kav.Training</members>
        <members>Knowledge__kav.Troubleshooting</members>

		<members>Product_Summary__c.Annuity</members>
		<members>Product_Summary__c.Annuity_OBR</members>
		<members>Product_Summary__c.Auto</members>
		<members>Product_Summary__c.Command</members>
		<members>Product_Summary__c.Disability</members>
		<members>Product_Summary__c.Home_Owner</members>
		<members>Product_Summary__c.LTC_OBR</members>
		<members>Product_Summary__c.LTC_PRU</members>
		<members>Product_Summary__c.Life</members>
		<members>Product_Summary__c.Life_OBR</members>
		<members>Product_Summary__c.Mutual_Fund</members>
		<members>Product_Summary__c.Mutual_Fund_OBR</members>
		<members>Product_Summary__c.Umbrella</members>

		<members>Opportunity.ILI_Sales_Process</members>

        <name>RecordType</name>
    </types>
    <types>
        <members>slds222</members>
        <members>uparrow2</members>
        <members>pruScriptSF1</members>
        <members>sha256</members>
        <members>sha512</members>
        <members>mock_get_profiles</members>
        <members>mock_get_global_profiles</members>
        <members>blank_response</members>
        <members>mock_rs_psw_deactiv_resp</members>
        <members>mock_rs_psw_field_excp_resp</members>
        <members>req_update_profile</members>
        <members>searchprofiles</members>
        <members>res_get_accountDetails</members>
        <members>LSI</members>
        <members>mock_get_activity_history</members>
        <members>res_get_byc_status</members>
        <members>res_get_byc_status_not_started</members>
        <members>res_get_useraccounts</members>
        <members>res_get_useraccounts_error</members>
        <members>get_user_agent_resp</members>
        <members>create_user_agent_association_success_resp</members>
        <members>update_user_agent_assotiation_success_resp</members>
        <members>get_iar_agent_resp</members>

        <members>Bootstrap_SF1</members>
        <members>JQuery</members>
        <members>SF1_BootstrapMin</members>
        <members>SF1_JqueryMin</members>
        <members>SF1_Preloader</members>
        <name>StaticResource</name>
    </types>
    <types>
        <members>Admin</members>
        <members>BackOfficeRep</members>
        <members>BDR</members>
        <members>CSR</members>
        <members>IAR</members>
        <members>Supervisor-BackofficeRep</members>
        <members>Supervisor-BDR</members>
        <members>Supervisor-CSR</members>
        <members>Supervisor-IAR</members>
        <name>Profile</name>
    </types>
    <types>
        <members>BackOfficeRep_Manager</members>
        <members>Supervisor_BackOfficeRep</members>
        <members>BackOfficeRep</members>
        <members>BDR</members>
        <members>BDR_Manager</members>
        <members>Supervisor_BDR</members>
        <members>CSR</members>
        <members>CSR_Manager</members>
        <members>Supervisor_CSR</members>
        <members>IAR</members>
        <members>IAR_Manager</members>
        <members>Supervisor_IAR</members>
        <members>Director</members>
        <members>VP</members>
        <members>Prudential_Financial</members>
        <name>Role</name>
    </types>
    <types>
        <members>eapi</members>
        <name>RemoteSiteSetting</name>
    </types>
    <types>
        <members>Contacts</members>
        <members>Admin_Fee</members>
        <members>Alert_Management</members>
        <name>CustomTab</name>
    </types>
   <!--<types>-->
        <!--<members>*</members>-->
        <!--<name>Flow</name>-->
    <!--</types>-->
   <!--<types>-->
        <!--<members>*</members>-->
        <!--<name>FlowDefinition</name>-->
    <!--</types>-->
    <types>
        <members>Account.Ask_for_Email_Reason_Code</members>
        <members>Account.Ask_for_Phone_Reason_Code</members>
        <members>Account.Name_Cannot_be_Changed</members>
        <members>Account.Phone_validation_for_less_characters</members>
        <members>Account.Phone_validation_for_more_characters</members>
        <members>Contact.Ask_for_Email_Reason_Code</members>
        <members>Contact.Ask_for_OtherPhone_Reason_Code</members>
        <members>Contact.Ask_for_Phone_Reason_Code</members>
        <members>Contact.Ask_for_Secondary_Email_Reason_Code</members>
      <!--  <members>Contact.ConstituentTypeCheck</members>
        <members>Contact.ContactEmailValidation</members>-->
        <members>Contact.Name_Cannot_be_Changed</members>
        <members>Contact.Phone_validation_for_less_characters</members>
        <members>Contact.Phone_validation_for_more_characters</members>
        <members>Lead.Account_is_Required_on_Lead_Record</members>
        <members>Lead.Contact_is_Required_on_Lead_Record</members>
        <members>Lead.Either_Email_or_Phone_are_Mandatory</members>
        <members>Contact.ConstituentTypeCheck</members>
         <members>Contact.ContactEmailValidation</members>
        <members>Task.Please_specify_is_mandatory_for_other</members>
	
		
		<members>Additional_Contact_Information__c.Address_Description</members>
		<members>Additional_Contact_Information__c.EmailAddress_Description</members>
		<members>Additional_Contact_Information__c.PhoneDescription</members>
		<members>Additional_Contact_Information__c.PhoneNumberFormatValidation</members>
		<members>Additional_Contact_Information__c.Preferred_Address</members>
		<members>Additional_Contact_Information__c.Preferred_Email</members>
		<members>Additional_Contact_Information__c.Preferred_Phone</members>

		<members>Dependents__c.Agent_Contract_Owner</members>
		<members>Dependents__c.Date_of_Birth_Validation</members>
		<members>Dependents__c.Error_Change_Ownership</members>
		<members>Dependents__c.PhoneNumber_Validation</members>
		<members>Relations__c.Contact_Validation</members>
		<members>User.User_Record_Validation</members>

        <name>ValidationRule</name>
	</types>
    <types>
		<members>Account.GoogleNews</members>
		<members>Account.GoogleMaps</members>
		<members>Account.GoogleSearch</members>
		<members>Opportunity.ApplicationButton</members>
		<name>WebLink</name>
	</types>
    <types>
        <members>Product_Summary__c.Insurance_Summary_Field_Set</members>
		<members>Product_Summary__c.Investment_Summary_Field_Set</members>
		<members>Product_Summary__c.Outbrokerage_Summary_Field_Set</members>
		<members>Product_Summary__c.Prudential_Annuity_Summary_Field_Set</members>
		<members>Product_Summary__c.Insurance_Summary_Field_Set</members>

		<members>User.Additional_Information</members>
		<members>User.Locale_Settings</members>
		<members>User.Mailing_Address</members>
		<members>User.UserEdit</members>

        <name>FieldSet</name>
    </types>

    <types>
		<members>Product_Summary__c.Secondary__c</members>
		<name>SharingReason</name>
	</types>
	
    <types>
        <members>Logos</members>
        <members>Logos/Prudential</members>
        <name>Document</name>
    </types>
    <types>
        <members>Prudential</members>
        <name>Letterhead</name>
    </types>
    <types>
        <members>Assignment_Rule_Templates</members>
        <members>Assignment_Rule_Templates/Assign_based_on_case_status</members>
        <members>Escalation_Templates</members>
        <members>Escalation_Templates/Escalate_to_Back_office_Escalation_Queue</members>
        <members>Escalation_Templates/Escalate_to_BDR_Escalation_Queue</members>
        <members>Escalation_Templates/Escalate_to_CSR_Escalation_Queue</members>
        <members>Escalation_Templates/Escalate_to_IAR_Escalation_Queue</members>
        <name>EmailTemplate</name>
    </types>
    <types>
        <members>Lead.Lead_Duplicate_with_Contacts_Rule</members>
        <members>Lead.Standard_Rule_for_Leads_with_Duplicate_Contacts</members>
        <members>Contact.Standard_Rule_for_Contacts_with_Duplicate_Leads</members>
        <name>DuplicateRule</name>
    </types>
    <types>
        <members>Lead.Lead_Duplictae_with_Email_matching_rule</members>
        <members>Contact.Lead_Duplicate_with_Contacts_Rule_matching_rule</members>
        <name>MatchingRule</name>
    </types>
    <types>
        <members>*</members>
        <name>Dashboard</name>
    </types>
    <types>
        <members>*</members>
        <name>Report</name>
    </types>
    <types>
        <members>*</members>
        <name>ReportType</name>
    </types>
    <types>
        <members>Contact.ContactActivityOverview</members>
        <members>Contact.GoogleMaps</members>
        <members>Contact.GoogleSearch</members>
        <members>Case.Assign_to_Back_Office</members>
        <members>Lead.GoogleMaps</members>
        <members>Lead.GoogleNews</members>
        <members>Lead.GoogleSearch</members>
        <members>Lead.LeadActivityOverview</members>
        <members>Lead.Eloqua_Engage</members>
        <name>WebLink</name>
    </types>
    <types>
        <members>Task</members>
        <members>Case</members>
        <members>Contact</members>
        <name>Workflow</name>
    </types>
    <types>
        <members>Task.Update_Call_Value</members>
        <members>Case.Status_update</members>
        <members>Case.Update_Case_Type_to_Inbound_Email</members>
        <members>Contact.Update_Reason</members>
        <members>Account.Update_Reason</members>
        <name>WorkflowFieldUpdate</name>
    </types>
    <types>
        <!--<members>Case.No updates</members>-->
        <members>Contact.Update Reason Code</members>
        <members>Task.Populate Type</members>
        <members>Case.Delayed Call-back</members>
        <members>Case.New cases without activity</members>
        <members>Case.No activity 3 days</members>
        <members>Case.Update Case type for Email to Case type cases</members>
        <members>Contact.Update Reason Code</members>
        <members>Account.Update Reason Code</members>
        <name>WorkflowRule</name>
    </types>
    <types>
        <members>callReceiverPage</members>
        <members>Eloqua_Engage</members>
        <members>Eloqua_Profiler</members>

        <members>RelationsEditPage</members>
        <members>RelationsPage</members>
        <members>RelationshipEditErrorPage</members>
        <members>StandardUserEdit</members>
        <members>prodsumdetail</members>
        <name>ApexPage</name>
    </types>

    <version>39.0</version>
</Package>
