<?xml version="1.0" encoding="UTF-8"?>
<Package xmlns="http://soap.sforce.com/2006/04/metadata">
	  <types>
		<members>Private_Pru_Notes__c</members>
		<members>Agent_Client__c</members>
		<members>Product_Client_Relations__c</members>
		<members>Account_Sharing__c</members>
		<members>Additional_Contact_Information__c</members>
		<members>Merge_History__c</members>
		<members>Non_Prudential_Product__c</members>
		<members>Product_Sharing__c</members>
		<members>Product_Summary__c</members>
		<members>Dependents__c</members>
		<members>Relations__c</members>
        <name>CustomObject</name>
    </types>
	<types>
		<members>Product_Summary__c.Annuity</members>
		<members>Product_Summary__c.Annuity_OBR</members>
		<members>Product_Summary__c.Auto</members>
		<members>Product_Summary__c.Command</members>
		<members>Product_Summary__c.Disability</members>
		<members>Product_Summary__c.Home_Owner</members>
		<members>Product_Summary__c.LTC_OBR</members>
		<members>Product_Summary__c.LTC_PRU</members>
		<members>Product_Summary__c.Life</members>
		<members>Product_Summary__c.Life_OBR</members>
		<members>Product_Summary__c.Mutual_Fund</members>
		<members>Product_Summary__c.Mutual_Fund_OBR</members>
		<members>Product_Summary__c.Umbrella</members>
        <name>RecordType</name>
    </types>	
    <types>
		<members>Additional_Contact_Information__c-Additional Contact Layout</members>
		<members>Private_Notes__c-Account Private Notes</members>
		<members>Account_Sharing__c-Account Sharing Layout</members>
		<members>Additional_Contact_Information__c-Additional Contact Layout</members>
		<members>Agent_Client__c-Agent Client Layout</members>
		<members>Product_Summary__c-Annuity Product Summary</members>
		<members>Dependents__c-Dependent Layout</members>
		<members>Product_Summary__c-Investment Product Summary</members>
		<members>Product_Summary__c-Life Product Summary</members>
		<members>Merge_History__c-Merge History Layout</members>
		<members>Non_Prudential_Product__c-Non Prudential Product Layout</members>
		<members>Product_Summary__c-Outbrokerage Summary</members>
		<members>Product_Sharing__c-Product Sharing Layout</members>
		<members>Product_Client_Relations__c-Product to Account Relation</members>
		<members>Relations__c-Relation Layout</members>

        <name>Layout</name>
    </types>
    <types>
		<members>ClientEntity</members>
		<members>DependentsCreationPage</members>
		<members>PolicyInfo</members>
		<members>AccountSharingCreationPage</members>
		<members>AccountSharingEdit</members>
		<members>EditPruNotesDetails</members>
		<members>PrivatePruVFPage</members>
		<members>RelationsEditPage</members>
		<members>RelationsPage</members>
		<members>RelationshipEditErrorPage</members>
		<members>SF1_VF_ViewAccountNotes</members>
		<members>prodsumdetail</members>
        <name>ApexPage</name>
    </types>	
    <types>
		<members>ClientExtension</members>
		<members>PolicyInfoController</members>
		<members>SearchController</members>
		<members>AccountNotesTriggerHandler</members>
		<members>AccountSharingController</members>
		<members>AccountSharingTriggerHandler</members>
		<members>AgentClientClassForTrigger</members>
		<members>PolicyInfoController</members>
		<members>PolicyInfoPagination</members>
		<members>PreferredAddress</members>
		<members>ProductClientTriggerHandler</members>
		<members>RelationsController</members>
		<members>ReverseRelationshipClassForTrigger</members>
		<members>SearchController</members>
		<members>privateNotesDetailController</members>
        <name>ApexClass</name>
    </types>		
	<types>
		<members>AccountNotesTrigger</members>
		<members>AccountSharingTrigger</members>
		<members>Address_Preferred</members>
		<members>AgentClientTrigger</members>
		<members>DependentSharingTrigger</members>
		<members>ProductClientTrigger</members>
		<members>ProductSharingTrigger</members>
		<members>ProductSummaryTrigger</members>
		<members>ReverseRelationshipTrigger</members>
        <name>ApexTrigger</name>
    </types>
	<types>
		<members>Agent_Client__c.All</members>
		<!-- <members>Private_Notes__c.All_Account_Notes</members> -->
		<members>Product_Client_Relations__c.All_Account_Related_Products</members>
		<!-- <members>Non_Prudential_Product__c.All_Non_Prudential_Products</members> -->
		<!-- <members>Private_Notes__c.Notes_This_Week</members> -->
        <name>ListView</name>
    </types>
	<types>
		<members>Product_Summary__c.Insurance_Summary_Field_Set</members>
		<members>Product_Summary__c.Investment_Summary_Field_Set</members>
		<members>Non_Prudential_Product__c.Non_Prudential_Field_Set</members>
		<members>Product_Summary__c.Outbrokerage_Summary_Field_Set</members>
		<members>Product_Summary__c.Prudential_Annuity_Summary_Field_Set</members>
		<name>FieldSet</name>
    </types>
	<types>
		<members>Bootstrap_SF1</members>
		<members>Express_Inforce1</members>
		<members>JQuery</members>
		<members>SF1_BootstrapMin</members>
		<members>SF1_JqueryMin</members>
		<members>SF1_Preloader</members>
		<members>TabJquery1</members>
		<members>TabJquery2</members>
		<members>TabStyle</members>
        <name>StaticResource</name>
    </types>	
    <version>39.0</version>
</Package>
