<?xml version="1.0" encoding="UTF-8"?>
<Package xmlns="http://soap.sforce.com/2006/04/metadata">
    <types>
        <members>Activity.Activity_Outcome__c</members>
        <members>Activity.Activity_Sub_Outcome__c</members>
        <members>Activity.Activity__c</members>
        <members>Activity.Date_Complete__c</members>
        <members>Activity.LinkPointTouchDate__c</members>
        <members>Activity.Product__c</members>
        <members>Activity.Subtype__c</members>
        <members>Activity.Type__c</members>
        <members>Activity.isInitialContact__c</members>

		<members>Opportunity.LeadSource</members>
		<members>Opportunity.AM_Product__c</members>
        <members>Opportunity.Activity__c</members>
        <members>Opportunity.AdvicentPlanIdAA__c</members>
        <members>Opportunity.AdvicentPlanIdFF__c</members>
        <members>Opportunity.AgencyMD__c</members>
        <members>Opportunity.Agent_IONS__c</members>
        <members>Opportunity.Amount_of_Insurance__c</members>
        <members>Opportunity.Annuity_Recommendation_Complete__c</members>
        <members>Opportunity.Area_of_Interest__c</members>
        <members>Opportunity.AssertAllocationPlanDate__c</members>
        <members>Opportunity.AssetAllocationEngagementID__c</members>
        <members>Opportunity.CRT_Status__c</members>
        <members>Opportunity.Campaign_Extension__c</members>
        <members>Opportunity.Campaign_Name__c</members>
        <members>Opportunity.Cash_Value__c</members>
        <members>Opportunity.Child_Level_Term_Rider__c</members>
        <members>Opportunity.City__c</members>
        <members>Opportunity.Client_Id__c</members>
        <members>Opportunity.Comments__c</members>
        <members>Opportunity.Contract_Id__c</members>
        <members>Opportunity.Conversion_Amount__c</members>
        <members>Opportunity.CreditAmount__c</members>
        <members>Opportunity.DOF_Code__c</members>
        <members>Opportunity.DOF_Description__c</members>
        <members>Opportunity.DOF_Name__c</members>
        <members>Opportunity.DTA_Agent__c</members>
        <members>Opportunity.Dividend_Amount__c</members>
        <members>Opportunity.EngagementId__c</members>
        <members>Opportunity.Face_Amount__c</members>
        <members>Opportunity.Face_Value__c</members>
        <members>Opportunity.FactFinidingPlanDate__c</members>
        <members>Opportunity.FactFinidngPlanEngagementID__c</members>
        <members>Opportunity.File_Loaded__c</members>
        <members>Opportunity.Geolocate_Agency__c</members>
        <members>Opportunity.Household_Id__c</members>
        <members>Opportunity.IFS_Number__c</members>
        <members>Opportunity.Last_Modified_By__c</members>
        <members>Opportunity.Level1PlanDate__c</members>
        <members>Opportunity.Level1PlanEngagementID__c</members>
        <members>Opportunity.Level1PlanID__c</members>
        <members>Opportunity.Level2PlanDate__c</members>
        <members>Opportunity.Level2PlanEngagementID__c</members>
        <members>Opportunity.Level2PlanID__c</members>
        <members>Opportunity.Life_Recommendation_Complete__c</members>
        <members>Opportunity.Line_id__c</members>
        <members>Opportunity.Loan_Amount__c</members>
        <members>Opportunity.Main_Product_Type__c</members>
        <members>Opportunity.Maturity_Date__c</members>
        <members>Opportunity.Modal_Premium__c</members>
        <members>Opportunity.Mode__c</members>
        <members>Opportunity.Mutual_Fund_Recommendation_Complete__c</members>
        <members>Opportunity.New_Offer_Premium__c</members>
        <members>Opportunity.Opp_AdvicentId__c</members>
        <members>Opportunity.Opportunity_Owner__c</members>
        <members>Opportunity.PolicyNumber__c</members>
        <members>Opportunity.Policy_Date__c</members>
        <members>Opportunity.Policy_Description__c</members>
        <members>Opportunity.Policy_Type__c</members>
        <members>Opportunity.Premium_End_Date__c</members>
        <members>Opportunity.Premium__c</members>
        <members>Opportunity.Prev_Agt_Contract_Id__c</members>
        <members>Opportunity.Prev_Agt_Name__c</members>
        <members>Opportunity.Prev_Agt_Off__c</members>
        <members>Opportunity.Primary_Campaign_Source__c</members>
        <members>Opportunity.Product_State_Combo__c</members>
        <members>Opportunity.Rating_Class__c</members>
        <members>Opportunity.Sale_Lost_Reason__c</members>
        <members>Opportunity.SelectedPlanDate__c</members>
        <members>Opportunity.SelectedPlanName__c</members>
        <members>Opportunity.Selected_PlanDateFactFinding__c</members>
        <members>Opportunity.Selected_PlanNameFactFinding__c</members>
        <members>Opportunity.Send_To_Agency__c</members>
        <members>Opportunity.Service_Only_Contact__c</members>
        <members>Opportunity.State__c</members>
        <members>Opportunity.Tail_Premium__c</members>
        <members>Opportunity.Zip__c</members>
        <members>Opportunity.isUI__c</members>
        <members>Opportunity.selectedPlanId__c</members>

		<members>Account.Account_Owner_Email__c</members>
        <members>Account.Account_System_ID__c</members>
        <members>Account.AdvicentId__c</members>
        <members>Account.Age__c</members>
        <members>Account.Best_Time_to_Call__c</members>
        <members>Account.Birth_Month__c</members>
        <members>Account.Birthday_Month__c</members>
        <members>Account.Business_Email__c</members>
        <members>Account.Business_Phone__c</members>
        <members>Account.Cellular_Phone__c</members>
        <members>Account.Classification_Type__c</members>
        <members>Account.Client_ID__c</members>
        <members>Account.Client_Status__c</members>
        <members>Account.Client_Subtype__c</members>
        <members>Account.Count_of_Opportunities__c</members>
        <members>Account.Custom_Field_1__c</members>
        <members>Account.Custom_Field_2__c</members>
        <members>Account.Custom_Field_3__c</members>
        <members>Account.Custom_Field_4__c</members>
        <members>Account.Custom_Field_5__c</members>
        <members>Account.Custom_Field_6__c</members>
        <members>Account.Deceased_Date__c</members>
        <members>Account.Deceased_Day_Month__c</members>
        <members>Account.Do_Not_Call_Entity__c</members>
        <members>Account.Do_Not_Email__c</members>
        <members>Account.Do_Not_Mail__c</members>
        <members>Account.Drivers_License_Number__c</members>
        <members>Account.Drivers_License_State__c</members>
        <members>Account.Earned_Annual_Income__c</members>
        <members>Account.Employer_Name__c</members>
        <members>Account.Entity_Email__c</members>
        <members>Account.Fax_Phone__c</members>
        <members>Account.Fiscal_Year__c</members>
        <members>Account.Gender__c</members>
        <members>Account.Google_Map__c</members>
        <members>Account.Greeting__c</members>
        <members>Account.Hobbies__c</members>
        <members>Account.Home_Email__c</members>
        <members>Account.Home_Phone__c</members>
        <members>Account.Industry__c</members>
        <members>Account.IsClient__c</members>
        <members>Account.Marital_Status__c</members>
        <members>Account.Marketing_Code__c</members>
        <members>Account.Middle_Initial__c</members>
        <members>Account.Mobile_PhoneAvailable__c</members>
        <members>Account.Note__c</members>
        <members>Account.Occupation__c</members>
        <members>Account.Personal_Interests__c</members>
        <members>Account.Plan1EngagementID__c</members>
        <members>Account.Preferred_Communication_Method__c</members>
        <members>Account.Preferred_Email_Address_Description__c</members>
        <members>Account.Preferred_Language__c</members>
        <members>Account.Preferred_Phone_Description__c</members>
        <members>Account.Primary_Address_City__c</members>
        <members>Account.Primary_Address_Line_1__c</members>
        <members>Account.Primary_Address_Line_2__c</members>
        <members>Account.Primary_Address_Line_3__c</members>
        <members>Account.Primary_Address_Preferred__c</members>
        <members>Account.Primary_Address_State__c</members>
        <members>Account.Primary_Address_Zip__c</members>
        <members>Account.Primary_Contact__c</members>
        <members>Account.Producer__c</members>
        <members>Account.Professional_Interests__c</members>
        <members>Account.RacfID__c</members>
        <members>Account.RecordId__c</members>
        <members>Account.Referred_By__c</members>
        <members>Account.Revenue__c</members>
        <members>Account.Smoker__c</members>
        <members>Account.Source_Type__c</members>
        <members>Account.Source__c</members>
        <members>Account.Spouse__c</members>
        <members>Account.State_of_Birth__c</members>
        <members>Account.Suffix__c</members>
        <members>Account.Tax_filing_status__c</members>
        <members>Account.UCIN_External_ID__c</members>
        <members>Account.aaplanEngagementID__c</members>
        <members>Account.aaplanID__c</members>
        <members>Account.aaplandate__c</members>
        <members>Account.ffplanEngagementID__c</members>
        <members>Account.ffplanID__c</members>
        <members>Account.ffplandate__c</members>
        <members>Account.plan1ID__c</members>
        <members>Account.plan1date__c</members>
        <members>Account.plan2EngagementID__c</members>
        <members>Account.plan2ID__c</members>
        <members>Account.plan2date__c</members>
        
        <name>CustomField</name>
    </types>

    <types>
        <members>AccountRating</members>
        <members>LeadSource</members>
        <members>Salutation</members>
        <name>StandardValueSet</name>
    </types>

<types>
        <members>RelationsController</members>
        <members>UserRedirect</members>
        <members>privateNotesDetailController</members>
        <name>ApexClass</name>
    </types>
    <types>
        <members>EditPruNotesDetails</members>
        <members>PrivatePruVFPage</members>
        <members>RelationsEditPage</members>
        <members>RelationsPage</members>
        <members>RelationshipEditErrorPage</members>
        <members>SF1_VF_ViewAccountNotes</members>
        <members>StandardUserEdit</members>
        <members>prodsumdetail</members>
        <name>ApexPage</name>
    </types>
    <types>
        <members>*</members>
        <name>CustomLabel</name>
    </types>
    <types>
        <members>Additional_Contact_Information__c</members>
        <members>Agent_Client__c</members>
        <members>Dependents__c</members>
        <members>Firm_Mapping__c</members>
        <members>Non_Prudential_Product__c</members>
        <members>Private_Notes__c</members>
        <members>Private_Pru_Notes__c</members>
        <members>Product_Agent__c</members>
        <members>Product_Client_Relations__c</members>
        <members>Product_Summary__c</members>
        <members>Relations__c</members>
        <members>User</members>
        <members>User_Product_State_License__c</members>
        <name>CustomObject</name>
    </types>
    <types>
        <members>Bootstrap_SF1</members>
        <members>JQuery</members>
        <members>SF1_BootstrapMin</members>
        <members>SF1_JqueryMin</members>
        <members>SF1_Preloader</members>
        <name>StaticResource</name>
    </types>

    <version>39.0</version>
</Package>
