<?xml version="1.0" encoding="UTF-8"?>
<Package xmlns="http://soap.sforce.com/2006/04/metadata">
    <types>
        <members>Opportunity.StageName</members>
        <name>CustomField</name>
    </types>
    <types>
        <members>OpportunityStage</members>
        <name>StandardValueSet</name>
    </types>
    <types>
        <members>IAR_Sales_Process</members>
        <name>PathAssistant</name>
    </types>	
	<types>
		<members>Opportunity.ILI Sales Process</members>
        <name>BusinessProcess</name>
    </types>	
    <types>
        <members>PathAssistant</members>
        <name>Settings</name>
    </types>	
    <types>
        <members>Opportunity.IAR_Sales_Process</members>
        <name>RecordType</name>
    </types>	
    <version>41.0</version>
</Package>
