<?xml version="1.0" encoding="UTF-8"?>
<Package xmlns="http://soap.sforce.com/2006/04/metadata">
    <types>
		<members>PersonAccount-BDR Person Account Layout</members>
		<members>Additional_Contact_Information__c-Additional Contact Layout</members>
		<members>User-User Layout</members>		
		<members>Opportunity-ILI Sales Process</members>		
        <name>Layout</name>
    </types>
    <types>
		<members>Opportunity</members>
        <name>CustomObject</name>
    </types>	
	<types>
		<members>Opportunity.ILI Sales Process</members>
        <name>BusinessProcess</name>
    </types>
	<types>
        <members>Opportunity.NewCase</members>
		<name>WebLink</name>
	</types>		
    <types>
		<members>RelationsController</members>
        <name>ApexClass</name>
    </types>	
    <types>
		<members>ILI_Sales_Process</members>
        <name>PathAssistant</name>
    </types>

    <types>
		<members>Account_Record_Page</members>
        <name>FlexiPage</name>
    </types>	

	<types>
		<members>Account-en_US</members>
		<members>Opportunity-en_US</members>		
        <name>CustomObjectTranslation</name>
    </types>
	<types>
		<members>Relation_Contact_Field_Id</members>
        <name>CustomLabel</name>
    </types>	
	
    <version>39.0</version>
</Package>
