<?xml version="1.0" encoding="UTF-8"?>
<Package xmlns="http://soap.sforce.com/2006/04/metadata">
  <types>
    <members>https_maps_google_com</members>
    <name>ActionLinkGroupTemplate</name>
  </types>
  <types>
    <members>AboutMeCtrl</members>
    <members>AboutMeCtrlTest</members>
    <members>AccountDetail</members>
    <members>AccountDetailTest</members>
    <members>AccountsController</members>
    <members>AccountsControllerTest</members>
    <members>ActivityHelper</members>
    <members>ActivityHistory</members>
    <members>ActivityHistoryResponseConverter</members>
    <members>ActivityHistoryTest</members>
    <members>AggregatedAccountsResponseConverter</members>
    <members>AggregatedAccountsResponseConverterTest</members>
    <members>AlerDefinitionResponse</members>
    <members>AlertAlreadySentResponse</members>
    <members>AlertChannel</members>
    <members>AlertDefinition</members>
    <members>AlertDefinitionDetailController</members>
    <members>AlertDefinitionListController</members>
    <members>AlertDefinitionListControllerTest</members>
    <members>AlertDefinitionResponse</members>
    <members>AlertDefSearch</members>
    <members>AlertDetailController</members>
    <members>AlertDetailControllerTest</members>
    <members>AlertError</members>
    <members>AlertGroup</members>
    <members>AlertManagement</members>
    <members>AlertManagementHelper</members>
    <members>AlertResponse</members>
    <members>AlertsResponse</members>
    <members>AlertTemplate</members>
    <members>AlertTemplateMap</members>
    <members>AlertTemplateMapDTO</members>
    <members>AlertTrigger</members>
    <members>ApexCallResponse</members>
    <members>ApplicationException</members>
    <members>AppointmentController</members>
    <members>AppointmentControllerTest</members>
    <members>AppointmentCreationWebService</members>
    <members>AppointmentCreationWebServiceTest</members>
    <members>BycStatus</members>
    <members>BycStatusTest</members>
    <members>CalloutHelper</members>
    <members>CallReceiverController</members>
    <members>CallReceiverControllerTest</members>
    <members>CaseController</members>
    <members>CaseControllerTest</members>
    <members>CaseCreationController</members>
    <members>CaseCreationControllerTest</members>
    <members>CaseDetailsController</members>
    <members>CaseInitService</members>
    <members>CaseInitServiceTest</members>
    <members>CaseInitServiceTestHelper</members>
    <members>ChatterNotificationsHelper</members>
    <members>ChatterNotificationsHelperTest</members>
    <members>ConcurrentSessionsPolicyCondition</members>
    <members>ConnectApiHelper</members>
    <members>ConnectApiHelperTest</members>
    <members>ContactAlertList</members>
    <members>ContactAlertResponse</members>
    <members>ContactAlertResponse_Test</members>
    <members>ContactDetailResponse</members>
    <members>ContactDetailsController</members>
    <members>ContactDetailsControllerHelper</members>
    <members>ContactDetailsControllerHelperTest</members>
    <members>ContactDetailsControllerTest</members>
    <members>ContactHelper</members>
    <members>ContactHelperTest</members>
    <members>ContactListController</members>
    <members>ContactListControllerHelper</members>
    <members>ContactListControllerHelperTest</members>
    <members>ContactListControllerTest</members>
    <members>ContactOpenItem</members>
    <members>ContactOpenItemsController</members>
    <members>ContactOpenItemsControllerTest</members>
    <members>ContactOpenItemService</members>
    <members>CustomerAuthFormController</members>
    <members>CustomLookUpController</members>
    <members>CustomLookUpControllerTest</members>
    <members>DataLoaderLeadExportCondition</members>
    <members>Error</members>
    <members>FeeStructureController</members>
    <members>FeeStructureControllerTest</members>
    <members>GetProfileInfoResponseConverter</members>
    <members>GetProfilesCalloutMock</members>
    <members>GlobalProfileSearchResponseConverter</members>
    <members>GlobalProfileSearchResponseConverterTest</members>
    <members>GlobalSearchService</members>
    <members>GlobalSearchServiceTest</members>
    <members>GoalDetailController</members>
    <members>GoalDetailControllerTest</members>
    <members>GoalDetailViewCtrl</members>
    <members>GoalDetailViewCtrlTest</members>
    <members>GoalSummary</members>
    <members>GoalSummaryController</members>
    <members>GoalSummaryControllerTest</members>
    <members>LeadDetailsController</members>
    <members>LeadDetailsControllerHelper</members>
    <members>LeadDetailsControllerHelperTest</members>
    <members>LeadDetailsControllerTest</members>
    <members>ManagedAccountActivityTimelineCtrl</members>
    <members>ManagedAccountActivityTimelineCtrlTest</members>
    <members>ManagedAccountAggregateTest</members>
    <members>ManagedAccountsAggregate</members>
    <members>MockHttpResponseGenerator</members>
    <members>privateNotesDetailController</members>
    <members>ReassignContactToAnotherAgentQueuebleJob</members>
    <members>RelationsController</members>
    <members>ReSendAlertDefinition</members>
    <members>ResetCustomerAuthBatch</members>
    <members>ResetCustomerAuthBatchTest</members>
    <members>ResetPasswordResponseConverter</members>
    <members>ResetPasswordResponseConverterTest</members>
    <members>ResponseConverter</members>
    <members>ResponseHeaderConverter</members>
    <members>ResponseHeaderConverterTest</members>
    <members>RestServiceResponse</members>
    <members>SearchProfileResponseConverter</members>
    <members>SearchProfileResponseConverterTest</members>
    <members>ServiceHelper</members>
    <members>ServiceHelperTest</members>
    <members>SObjectRecordService</members>
    <members>SObjectRecordServiceTest</members>
    <members>SObjectTableWrapper</members>
    <members>TerminateManagedAccountsModalCtrl</members>
    <members>TerminateManagedAccountsModalCtrlTest</members>
    <members>TerminateManagedAccountWrap</members>
    <members>TestAlerDefinitionResponse</members>
    <members>TestAlertDefinition</members>
    <members>TestAlertDefSearch</members>
    <members>TestAlertError</members>
    <members>TestAlertManagementHelper</members>
    <members>TestAlertTemplateMap</members>
    <members>TestDataFactory</members>
    <members>TestDataFactoryTest</members>
    <members>UpdateActivityQueueableJob</members>
    <members>UpdateAlertDefinitionResponse</members>
    <members>UserAgentHelper</members>
    <members>UserAgentResponseConverter</members>
    <members>UserAgentResponseConverterTest</members>
    <members>UserAgentService</members>
    <members>UserAgentServiceTest</members>
    <members>UserContactDetails</members>
    <members>UserRedirect</members>
    <name>ApexClass</name>
  </types>
  <types>
    <members>callReceiverPage</members>
    <members>CommunitiesLanding</members>
    <members>EditPruNotesDetails</members>
    <members>Eloqua_Engage</members>
    <members>Eloqua_Profiler</members>
    <members>PrivatePruVFPage</members>
    <members>prodsumdetail</members>
    <members>RelationsEditPage</members>
    <members>RelationshipEditErrorPage</members>
    <members>RelationsPage</members>
    <members>SF1_VF_ViewAccountNotes</members>
    <members>StandardUserEdit</members>
    <name>ApexPage</name>
  </types>
  <types>
    <members>Class502TestSuite</members>
    <name>ApexTestSuite</name>
  </types>
  <types>
    <members>AccountTrigger</members>
    <members>ContactTrigger</members>
    <name>ApexTrigger</name>
  </types>
  <types>
    <members>AppSwitcher</members>
    <members>Salesforce1</members>
    <name>AppMenu</name>
  </types>
  <types>
    <members>Case</members>
    <members>Lead</members>
    <name>AssignmentRules</name>
  </types>
  <types>
    <members>AboutMeProfile</members>
    <members>AccountDetails</members>
    <members>AccountDetailsButtons</members>
    <members>AccountGoals</members>
    <members>AccountHoldings</members>
    <members>accountPlans</members>
    <members>AccountTransactionList</members>
    <members>actionModelDialog</members>
    <members>activateCustomerAccoutQuickAction</members>
    <members>activityHistorySync</members>
    <members>alertApp</members>
    <members>alertChannel</members>
    <members>alertDefinitionDetail</members>
    <members>AlertDetail</members>
    <members>AlertManagementList</members>
    <members>annuityFrame</members>
    <members>authenticationButton</members>
    <members>AuthPerformedEvent</members>
    <members>baseModalDialog</members>
    <members>bycStatus</members>
    <members>callReceiver</members>
    <members>CallReceiverApp</members>
    <members>callReceiverImitator</members>
    <members>caseAuthenticationWarning</members>
    <members>caseCreationDialog</members>
    <members>caseCreationDialogQuickAction</members>
    <members>casesOpenItemsSummary</members>
    <members>CellEvent</members>
    <members>CheckboxChangeEvent</members>
    <members>checkboxInputCell</members>
    <members>closeCaseButton</members>
    <members>closeCaseQuickAction</members>
    <members>closeCreateCase</members>
    <members>ClosedAccountDetails</members>
    <members>ClosedMA</members>
    <members>CloseOnContinue</members>
    <members>compactCaseTable</members>
    <members>componentBuilder</members>
    <members>conditionalHrefMetaColumn</members>
    <members>contactAggregatedAccount</members>
    <members>ContactAlertDetail</members>
    <members>ContactAlertList</members>
    <members>contactDetailsSynchronizer</members>
    <members>contactDetailsWarningBanner</members>
    <members>contactList</members>
    <members>contactOpenItems</members>
    <members>contactReassignBulk</members>
    <members>createCaseModalDialog</members>
    <members>createLeadButton</members>
    <members>csrCustomerSearchForm</members>
    <members>CSRToolApp</members>
    <members>custAuthProvileViewPanel</members>
    <members>customerActivityDataGrid</members>
    <members>CustomerAuthApp</members>
    <members>customerAuthCheckboxFull</members>
    <members>customerAuthCheckboxLight</members>
    <members>customerAuthForm</members>
    <members>customerDashboard</members>
    <members>customerDashboardNavLink</members>
    <members>CustomGoalDetailView</members>
    <members>customLookup</members>
    <members>customLookupResult</members>
    <members>customRenderedCell</members>
    <members>dataAccordion</members>
    <members>dataAccordionContentWrapper</members>
    <members>dataGrid</members>
    <members>dataGridHeader</members>
    <members>datetimeOutputCell</members>
    <members>deactivateAccountForContactQuickAction</members>
    <members>delete</members>
    <members>EmailAlertDetail</members>
    <members>FeeStructure</members>
    <members>FundedManagedAccountContainer</members>
    <members>GeneralGoalDetail</members>
    <members>GoalDetail</members>
    <members>GoalDetailContainer</members>
    <members>GoalDetailView</members>
    <members>GoalSpecificValidate</members>
    <members>GoalSummary</members>
    <members>infoAlert</members>
    <members>infoModelDialog</members>
    <members>inputCheckbox</members>
    <members>lastCallSummary</members>
    <members>leadCreationDialogQuickAction</members>
    <members>linkOutputCell</members>
    <members>ManagedAccountActivityTimeline</members>
    <members>ManagedAccounts</members>
    <members>menuActionCell</members>
    <members>MenuSelectEvent</members>
    <members>metaColumn</members>
    <members>metaColumnAction</members>
    <members>ModalDialog</members>
    <members>ModalDialogCloseEvt</members>
    <members>NewAlertDefinition</members>
    <members>nigoButtons</members>
    <members>nigoDetail</members>
    <members>OpenMA</members>
    <members>OpenNIGOMA</members>
    <members>outputField</members>
    <members>PageChangeEvent</members>
    <members>PaginationEvent</members>
    <members>paginator</members>
    <members>quickActionDialogNoHeaderFacet</members>
    <members>QuickActionSubmitEvent</members>
    <members>refreshGoalSummary</members>
    <members>resetCustomerPasswordQuickAction</members>
    <members>RetirementGoalDetail</members>
    <members>SelectedSObjectRecordEvent</members>
    <members>ShowActivity</members>
    <members>ShowModal</members>
    <members>SMSAlertDetail</members>
    <members>Spinner</members>
    <members>svgIcon</members>
    <members>TerminateManagedAccounts</members>
    <members>TerminateManagedAccountsModal</members>
    <members>Testing_App</members>
    <members>textOutputCell</members>
    <members>Toast</members>
    <members>unlockCustomerAccountQuickAction</members>
    <members>userAuthenticationDialog</members>
    <members>ViewAlertsForContact</members>
    <members>ViewAlertsForContactApp</members>
    <members>viewAllOpenItems</members>
    <name>AuraDefinitionBundle</name>
  </types>
  <types>
    <members>Facebook</members>
    <members>google</members>
    <members>LinkedIn</members>
    <members>Twitter</members>
    <name>AuthProvider</name>
  </types>
  <types>
    <members>Case</members>
    <members>Lead</members>
    <name>AutoResponseRules</name>
  </types>
  <types>
    <members>Case.Interactive</members>
    <members>Case.WebToCase</members>
    <members>Opportunity.ILI Sales Process</members>
    <name>BusinessProcess</name>
  </types>
  <types>
    <members>salesforce_prod</members>
    <members>SelfSignedCert_04Mar2017_194932</members>
    <members>SelfSignedCert_11Mar2015_194932</members>
    <name>Certificate</name>
  </types>
  <types>
    <members>DataCloudCompanyMatch</members>
    <members>DataCloudGeoLocation</members>
    <members>DataCloudLeadAppend</members>
    <name>CleanDataService</name>
  </types>
  <types>
    <members>Internal Community</members>
    <name>Community</name>
  </types>
  <types>
    <members>Additional_Contact_Information__c.Additional_Contact_Info_Compact_Layout</members>
    <members>Agent_Client__c.Account_Related_FP_Compact_Layout</members>
    <members>Case.Case_Compact_Layout</members>
    <members>Contact.Aurora_Compact_Layout</members>
    <members>Dependents__c.Relation</members>
    <members>Lead.Agent_Lead_Compact_Layout</members>
    <members>Non_Prudential_Product__c.Non_Prudential_Product_SF1_Layout</members>
    <members>PersonAccount.Person_Account_Compact_Layout</members>
    <members>Private_Notes__c.Private_Account_Notes_Compact_Layout</members>
    <members>Private_Pru_Notes__c.Account_Notes_Compact_Layout</members>
    <members>Relations__c.Relationship</members>
    <members>Task.Log_a_Call</members>
    <name>CompactLayout</name>
  </types>
  <types>
    <members>Pru_Logo</members>
    <members>The_Aurora_A</members>
    <name>ContentAsset</name>
  </types>
  <types>
    <members>Alert_Admin</members>
    <members>Class502</members>
    <members>CSR</members>
    <members>CSR_Tool</members>
    <members>Customer_Office</members>
    <members>standard__Chatter</members>
    <members>Standard_CSR_Console</members>
    <members>standard__LightningSales</members>
    <members>standard__LightningSalesConsole</members>
    <members>standard__LightningService</members>
    <members>standard__Marketing</members>
    <members>standard__Platform</members>
    <members>standard__Sales</members>
    <members>standard__Service</members>
    <members>standard__ServiceConsole</members>
    <name>CustomApplication</name>
  </types>
  <types>
    <members>Account.aaplandate__c</members>
    <members>Account.aaplanEngagementID__c</members>
    <members>Account.aaplanID__c</members>
    <members>Account.Account_Owner_Email__c</members>
    <members>Account.Account_System_ID__c</members>
    <members>Account.AdvicentId__c</members>
    <members>Account.Age__c</members>
    <members>Account.Assigned_BDR__c</members>
    <members>Account.Assigned_IAR__c</members>
    <members>Account.Best_Time_to_Call__c</members>
    <members>Account.Birthday_Month__c</members>
    <members>Account.Birth_Month__c</members>
    <members>Account.Business_Email__c</members>
    <members>Account.Business_Phone__c</members>
    <members>Account.Cellular_Phone__c</members>
    <members>Account.Classification_Type__c</members>
    <members>Account.Client_ID__c</members>
    <members>Account.Client_Status__c</members>
    <members>Account.Client_Subtype__c</members>
    <members>Account.Count_of_Opportunities__c</members>
    <members>Account.Custom_Field_1__c</members>
    <members>Account.Custom_Field_2__c</members>
    <members>Account.Custom_Field_3__c</members>
    <members>Account.Custom_Field_4__c</members>
    <members>Account.Custom_Field_5__c</members>
    <members>Account.Custom_Field_6__c</members>
    <members>Account.Deceased_Date__c</members>
    <members>Account.Deceased_Day_Month__c</members>
    <members>Account.Do_Not_Call_Entity__c</members>
    <members>Account.Do_Not_Email__c</members>
    <members>Account.Do_Not_Mail__c</members>
    <members>Account.Drivers_License_Number__c</members>
    <members>Account.Drivers_License_State__c</members>
    <members>Account.Earned_Annual_Income__c</members>
    <members>Account.Email__c</members>
    <members>Account.Employer_Name__c</members>
    <members>Account.Entity_Email__c</members>
    <members>Account.Fax_Phone__c</members>
    <members>Account.ffplandate__c</members>
    <members>Account.ffplanEngagementID__c</members>
    <members>Account.ffplanID__c</members>
    <members>Account.Fiscal_Year__c</members>
    <members>Account.Gender__c</members>
    <members>Account.Google_Map__c</members>
    <members>Account.Greeting__c</members>
    <members>Account.Hobbies__c</members>
    <members>Account.Home_Email__c</members>
    <members>Account.Home_Phone__c</members>
    <members>Account.Industry__c</members>
    <members>Account.IsClient__c</members>
    <members>Account.Marital_Status__c</members>
    <members>Account.Marketing_Code__c</members>
    <members>Account.Middle_Initial__c</members>
    <members>Account.Mobile_PhoneAvailable__c</members>
    <members>Account.Note__c</members>
    <members>Account.Occupation__c</members>
    <members>Account.Personal_Interests__c</members>
    <members>Account.plan1date__c</members>
    <members>Account.Plan1EngagementID__c</members>
    <members>Account.plan1ID__c</members>
    <members>Account.plan2date__c</members>
    <members>Account.plan2EngagementID__c</members>
    <members>Account.plan2ID__c</members>
    <members>Account.Preferred_Communication_Method__c</members>
    <members>Account.Preferred_Email_Address_Description__c</members>
    <members>Account.Preferred_Language__c</members>
    <members>Account.Preferred_Phone_Description__c</members>
    <members>Account.Primary_Address_City__c</members>
    <members>Account.Primary_Address_Line_1__c</members>
    <members>Account.Primary_Address_Line_2__c</members>
    <members>Account.Primary_Address_Line_3__c</members>
    <members>Account.Primary_Address_Preferred__c</members>
    <members>Account.Primary_Address_State__c</members>
    <members>Account.Primary_Address_Zip__c</members>
    <members>Account.Primary_Contact__c</members>
    <members>Account.Producer__c</members>
    <members>Account.Professional_Interests__c</members>
    <members>Account.RacfID__c</members>
    <members>Account.RecordId__c</members>
    <members>Account.Referred_By__c</members>
    <members>Account.Revenue__c</members>
    <members>Account.Smoker__c</members>
    <members>Account.Source__c</members>
    <members>Account.Source_Type__c</members>
    <members>Account.Spouse__c</members>
    <members>Account.State_of_Birth__c</members>
    <members>Account.Suffix__c</members>
    <members>Account.Tax_filing_status__c</members>
    <members>Account.UCIN_External_ID__c</members>
    <members>Activity.Activity__c</members>
    <members>Activity.Activity_Date_Time__c</members>
    <members>Activity.Activity_Outcome__c</members>
    <members>Activity.Activity_Sub_Outcome__c</members>
    <members>Activity.Agent_XID__c</members>
    <members>Activity.Annuities__c</members>
    <members>Activity.Call_Disposition__c</members>
    <members>Activity.CSR_Name__c</members>
    <members>Activity.CSR_Too__c</members>
    <members>Activity.Date_Complete__c</members>
    <members>Activity.IsCall__c</members>
    <members>Activity.isInitialContact__c</members>
    <members>Activity.Life_Insurance__c</members>
    <members>Activity.LinkPointTouchDate__c</members>
    <members>Activity.Managed_Account__c</members>
    <members>Activity.Other__c</members>
    <members>Activity.Please_Specify__c</members>
    <members>Activity.Product__c</members>
    <members>Activity.Source__c</members>
    <members>Activity.Subtype__c</members>
    <members>Activity.Type__c</members>
    <members>Additional_Contact_Information__c.Address_Description_Add__c</members>
    <members>Additional_Contact_Information__c.Address_Line_1__c</members>
    <members>Additional_Contact_Information__c.Address_Line_2__c</members>
    <members>Additional_Contact_Information__c.Address_Line_3__c</members>
    <members>Additional_Contact_Information__c.Best_Time_to_Call__c</members>
    <members>Additional_Contact_Information__c.City_Add__c</members>
    <members>Additional_Contact_Information__c.Contact_Name__c</members>
    <members>Additional_Contact_Information__c.Email_Address_Add__c</members>
    <members>Additional_Contact_Information__c.Email_Address_Description_Add__c</members>
    <members>Additional_Contact_Information__c.History__c</members>
    <members>Additional_Contact_Information__c.Phone_Add__c</members>
    <members>Additional_Contact_Information__c.Phone_Description_Add__c</members>
    <members>Additional_Contact_Information__c.Preferred_Address__c</members>
    <members>Additional_Contact_Information__c.Preferred_Email_Add__c</members>
    <members>Additional_Contact_Information__c.Preferred_Phone_Add__c</members>
    <members>Additional_Contact_Information__c.State_Add__c</members>
    <members>Additional_Contact_Information__c.WebSite_Address_Add__c</members>
    <members>Additional_Contact_Information__c.Zip_Add__c</members>
    <members>Agent_Client__c.Account__c</members>
    <members>Agent_Client__c.Agent_Account_ID__c</members>
    <members>Agent_Client__c.Agent_Contract__c</members>
    <members>Agent_Client__c.Agent_Racf_ID__c</members>
    <members>Agent_Client__c.Grantee_Agency_Code__c</members>
    <members>Agent_Client__c.Relationship_Type__c</members>
    <members>Agent_Client__c.Status__c</members>
    <members>Agent_Client__c.UCIN_External_ID__c</members>
    <members>Agent_Client__c.User__c</members>
    <members>Case.Asset__c</members>
    <members>Case.Escalated_flag__c</members>
    <members>Case.SSO_ID__c</members>
    <members>Case.Sub_Type__c</members>
    <members>Case_Types_to_Authorize__c.Auth_Type__c</members>
    <members>CDMSettings__c.Default_Email__c</members>
    <members>CDMSettings__c.Default_Email_Encoding__c</members>
    <members>CDMSettings__c.Default_First_Name__c</members>
    <members>CDMSettings__c.Default_Last_Name__c</members>
    <members>CDMSettings__c.Default_Prospect_Profile__c</members>
    <members>CDMSettings__c.Default_TimeZone__c</members>
    <members>CDMSettings__c.Default_UserName__c</members>
    <members>CDMSettings__c.Master_Account__c</members>
    <members>CDMSettings__c.Master_Account_Owner__c</members>
    <members>Contact.Assigned_BDR__c</members>
    <members>Contact.Authentication_Status__c</members>
    <members>Contact.Constituent_Type__c</members>
    <members>Contact.ContactAcceptance__c</members>
    <members>Contact.Contact_Status__c</members>
    <members>Contact.CoUserId__c</members>
    <members>Contact.Date_Of_Birth__c</members>
    <members>Contact.EID__c</members>
    <members>Contact.Employer_City__c</members>
    <members>Contact.Employer_Code__c</members>
    <members>Contact.Employer_Country__c</members>
    <members>Contact.Employer_Name__c</members>
    <members>Contact.Employer_Postal_Code_4__c</members>
    <members>Contact.Employer_Postal_Code__c</members>
    <members>Contact.Employer_Pru_Acct_Number__c</members>
    <members>Contact.Employer_State_Code__c</members>
    <members>Contact.Employer_Street__c</members>
    <members>Contact.Gender__c</members>
    <members>Contact.Generation_Qualifier__c</members>
    <members>Contact.IAR_Agent__c</members>
    <members>Contact.Interested_Products__c</members>
    <members>Contact.Int_Primary_Email_Contact_Channel_Id__c</members>
    <members>Contact.Int_Primary_Email_Contact_Channel_Type__c</members>
    <members>Contact.Int_Primary_Phone_Contact_Channel_Id__c</members>
    <members>Contact.Int_Primary_Phone_Contact_Channel_Type__c</members>
    <members>Contact.Int_Secondary_Email_Channel_Id__c</members>
    <members>Contact.Int_Secondary_Phone_Contact_Channel_Id__c</members>
    <members>Contact.isDashboard__c</members>
    <members>Contact.Language_Code__c</members>
    <members>Contact.Last_Website_Login__c</members>
    <members>Contact.Locked_Status__c</members>
    <members>Contact.Mailing_ZIP_Plus_4__c</members>
    <members>Contact.Marital_Code__c</members>
    <members>Contact.Other_Zip_Plus_4__c</members>
    <members>Contact.Primary_Email__c</members>
    <members>Contact.Prof_Desig__c</members>
    <members>Contact.Reason__c</members>
    <members>Contact.SCBuidType__c</members>
    <members>Contact.Secondary_Email__c</members>
    <members>Contact.Since_Date__c</members>
    <members>Contact.Soc_Sec_Last_4__c</members>
    <members>Contact.SSO_Id__c</members>
    <members>Contact.User_Id__c</members>
    <members>Contact.Username__c</members>
    <members>Dependents__c.Age__c</members>
    <members>Dependents__c.Birthdate__c</members>
    <members>Dependents__c.Email__c</members>
    <members>Dependents__c.First_Name__c</members>
    <members>Dependents__c.Gender__c</members>
    <members>Dependents__c.Last_Name__c</members>
    <members>Dependents__c.Middle_Initial__c</members>
    <members>Dependents__c.Occupation__c</members>
    <members>Dependents__c.Phone__c</members>
    <members>Dependents__c.RelationID__c</members>
    <members>Dependents__c.Salutation__c</members>
    <members>Dependents__c.Status__c</members>
    <members>Dependents__c.Suffix__c</members>
    <members>Firm_Mapping__c.City__c</members>
    <members>Firm_Mapping__c.Comment__c</members>
    <members>Firm_Mapping__c.County__c</members>
    <members>Firm_Mapping__c.Daylight_Saving__c</members>
    <members>Firm_Mapping__c.Firm_Code__c</members>
    <members>Firm_Mapping__c.Full_zip_code__c</members>
    <members>Firm_Mapping__c.GeoLocation__c</members>
    <members>Firm_Mapping__c.Managing_Director__c</members>
    <members>Firm_Mapping__c.State__c</members>
    <members>Firm_Mapping__c.TimeZone__c</members>
    <members>Firm_Mapping__c.Zip_Code__c</members>
    <members>Knowledge__kav.Description__c</members>
    <members>Knowledge__kav.Related_Articles__c</members>
    <members>Lead.Account__c</members>
    <members>Lead.Contact__c</members>
    <members>Lead.Investment_Model__c</members>
    <members>Lead.Investment_Model_Picklist__c</members>
    <members>Lead.Lead_Score__c</members>
    <members>Lead.Life_Insurance_Model__c</members>
    <members>Lead.Life_Insurance_Model_Picklist__c</members>
    <members>Lead.Owner_Role__c</members>
    <members>Lead.Retirement_Investment_Model__c</members>
    <members>Lead.Retirement_Investment_Model_Picklist__c</members>
    <members>Non_Prudential_Product__c.Annuitant__c</members>
    <members>Non_Prudential_Product__c.Beneficiaries__c</members>
    <members>Non_Prudential_Product__c.Benefit__c</members>
    <members>Non_Prudential_Product__c.Carrier__c</members>
    <members>Non_Prudential_Product__c.Contact__c</members>
    <members>Non_Prudential_Product__c.Coverage_Information__c</members>
    <members>Non_Prudential_Product__c.Insured__c</members>
    <members>Non_Prudential_Product__c.Investment_Information__c</members>
    <members>Non_Prudential_Product__c.Non_Prudential_System_Id__c</members>
    <members>Non_Prudential_Product__c.Owner__c</members>
    <members>Non_Prudential_Product__c.Policy_Contract_Date__c</members>
    <members>Non_Prudential_Product__c.Premium_Information__c</members>
    <members>Non_Prudential_Product__c.Type_of_Policy_Contract__c</members>
    <members>Non_Prudential_Product__c.Values__c</members>
    <members>Opportunity.Activity__c</members>
    <members>Opportunity.AdvicentPlanIdAA__c</members>
    <members>Opportunity.AdvicentPlanIdFF__c</members>
    <members>Opportunity.AgencyMD__c</members>
    <members>Opportunity.Agent_IONS__c</members>
    <members>Opportunity.Amount_of_Insurance__c</members>
    <members>Opportunity.AM_Product__c</members>
    <members>Opportunity.Annuity_Recommendation_Complete__c</members>
    <members>Opportunity.Area_of_Interest__c</members>
    <members>Opportunity.AssertAllocationPlanDate__c</members>
    <members>Opportunity.AssetAllocationEngagementID__c</members>
    <members>Opportunity.Campaign_Extension__c</members>
    <members>Opportunity.Campaign_Name__c</members>
    <members>Opportunity.Cash_Value__c</members>
    <members>Opportunity.Child_Level_Term_Rider__c</members>
    <members>Opportunity.City__c</members>
    <members>Opportunity.Client_Id__c</members>
    <members>Opportunity.Comments__c</members>
    <members>Opportunity.Contract_Id__c</members>
    <members>Opportunity.Conversion_Amount__c</members>
    <members>Opportunity.CreditAmount__c</members>
    <members>Opportunity.CRT_Status__c</members>
    <members>Opportunity.Dividend_Amount__c</members>
    <members>Opportunity.DOF_Code__c</members>
    <members>Opportunity.DOF_Description__c</members>
    <members>Opportunity.DOF_Name__c</members>
    <members>Opportunity.DTA_Agent__c</members>
    <members>Opportunity.EngagementId__c</members>
    <members>Opportunity.Face_Amount__c</members>
    <members>Opportunity.Face_Value__c</members>
    <members>Opportunity.FactFinidingPlanDate__c</members>
    <members>Opportunity.FactFinidngPlanEngagementID__c</members>
    <members>Opportunity.File_Loaded__c</members>
    <members>Opportunity.Geolocate_Agency__c</members>
    <members>Opportunity.Household_Id__c</members>
    <members>Opportunity.IFS_Number__c</members>
    <members>Opportunity.isUI__c</members>
    <members>Opportunity.Last_Modified_By__c</members>
    <members>Opportunity.Level1PlanDate__c</members>
    <members>Opportunity.Level1PlanEngagementID__c</members>
    <members>Opportunity.Level1PlanID__c</members>
    <members>Opportunity.Level2PlanDate__c</members>
    <members>Opportunity.Level2PlanEngagementID__c</members>
    <members>Opportunity.Level2PlanID__c</members>
    <members>Opportunity.Life_Recommendation_Complete__c</members>
    <members>Opportunity.Line_id__c</members>
    <members>Opportunity.Loan_Amount__c</members>
    <members>Opportunity.Main_Product_Type__c</members>
    <members>Opportunity.Maturity_Date__c</members>
    <members>Opportunity.Modal_Premium__c</members>
    <members>Opportunity.Mode__c</members>
    <members>Opportunity.Mutual_Fund_Recommendation_Complete__c</members>
    <members>Opportunity.New_Offer_Premium__c</members>
    <members>Opportunity.Opp_AdvicentId__c</members>
    <members>Opportunity.Opportunity_Owner__c</members>
    <members>Opportunity.Policy_Date__c</members>
    <members>Opportunity.Policy_Description__c</members>
    <members>Opportunity.PolicyNumber__c</members>
    <members>Opportunity.Policy_Type__c</members>
    <members>Opportunity.Premium__c</members>
    <members>Opportunity.Premium_End_Date__c</members>
    <members>Opportunity.Prev_Agt_Contract_Id__c</members>
    <members>Opportunity.Prev_Agt_Name__c</members>
    <members>Opportunity.Prev_Agt_Off__c</members>
    <members>Opportunity.Primary_Campaign_Source__c</members>
    <members>Opportunity.Product_State_Combo__c</members>
    <members>Opportunity.Rating_Class__c</members>
    <members>Opportunity.Sale_Lost_Reason__c</members>
    <members>Opportunity.SelectedPlanDate__c</members>
    <members>Opportunity.Selected_PlanDateFactFinding__c</members>
    <members>Opportunity.selectedPlanId__c</members>
    <members>Opportunity.SelectedPlanName__c</members>
    <members>Opportunity.Selected_PlanNameFactFinding__c</members>
    <members>Opportunity.Send_To_Agency__c</members>
    <members>Opportunity.Service_Only_Contact__c</members>
    <members>Opportunity.State__c</members>
    <members>Opportunity.Tail_Premium__c</members>
    <members>Opportunity.Zip__c</members>
    <members>Private_Notes__c.Account__c</members>
    <members>Private_Notes__c.Notes__c</members>
    <members>Private_Notes__c.Parent_Note__c</members>
    <members>Private_Notes__c.Private__c</members>
    <members>Private_Notes__c.Product__c</members>
    <members>Private_Pru_Notes__c.Contact__c</members>
    <members>Private_Pru_Notes__c.Created_By__c</members>
    <members>Private_Pru_Notes__c.Non_Prudential_Product__c</members>
    <members>Private_Pru_Notes__c.Notes__c</members>
    <members>Private_Pru_Notes__c.Private__c</members>
    <members>Private_Pru_Notes__c.Private_Note__c</members>
    <members>Private_Pru_Notes__c.Product__c</members>
    <members>Private_Pru_Notes__c.Product_Link__c</members>
    <members>Product_Agent__c.Agent_ID__c</members>
    <members>Product_Agent__c.Contract__c</members>
    <members>Product_Agent__c.Product_Agent_Sequence_ID__c</members>
    <members>Product_Agent__c.Product_Summary__c</members>
    <members>Product_Agent__c.RacFID__c</members>
    <members>Product_Agent__c.Relationship_Role__c</members>
    <members>Product_Agent__c.Relationship_Status__c</members>
    <members>Product_Agent__c.Relationship_Type__c</members>
    <members>Product_Agent__c.UCIN_External_ID__c</members>
    <members>Product_Client_Relations__c.Interested_Party_ID__c</members>
    <members>Product_Client_Relations__c.Product_Client_ID__c</members>
    <members>Product_Client_Relations__c.Product_ID__c</members>
    <members>Product_Client_Relations__c.Product_Type__c</members>
    <members>Product_Client_Relations__c.Relationship_Status__c</members>
    <members>Product_Client_Relations__c.Role__c</members>
    <members>Product_Client_Relations__c.UCIN_External_ID__c</members>
    <members>Product_Summary__c.Account_Open_Month__c</members>
    <members>Product_Summary__c.Account_Type__c</members>
    <members>Product_Summary__c.Active_Indicator__c</members>
    <members>Product_Summary__c.Admin_ID__c</members>
    <members>Product_Summary__c.As_of_Date__c</members>
    <members>Product_Summary__c.Basic_Face_Amount__c</members>
    <members>Product_Summary__c.Carrier__c</members>
    <members>Product_Summary__c.Contract_Date__c</members>
    <members>Product_Summary__c.Contract_Month__c</members>
    <members>Product_Summary__c.Inv_Account_Open_Date__c</members>
    <members>Product_Summary__c.Inv_No_of_Shares__c</members>
    <members>Product_Summary__c.Last_Update_Month__c</members>
    <members>Product_Summary__c.Mode__c</members>
    <members>Product_Summary__c.Original_Issue_Date__c</members>
    <members>Product_Summary__c.Orig_Issue_Month__c</members>
    <members>Product_Summary__c.Paid_to_Date__c</members>
    <members>Product_Summary__c.Paid_to_date_Month__c</members>
    <members>Product_Summary__c.Policy_Acct_Date__c</members>
    <members>Product_Summary__c.Policy_Acct_Month__c</members>
    <members>Product_Summary__c.Policy_Date__c</members>
    <members>Product_Summary__c.Policy_Month__c</members>
    <members>Product_Summary__c.Policy_Type__c</members>
    <members>Product_Summary__c.Product_ID__c</members>
    <members>Product_Summary__c.Product_Name__c</members>
    <members>Product_Summary__c.Product_Status__c</members>
    <members>Product_Summary__c.Product_Type__c</members>
    <members>Product_Summary__c.Tax_Status__c</members>
    <members>Product_Summary__c.Termination_Date__c</members>
    <members>Product_Summary__c.Term_Month__c</members>
    <members>Product_Summary__c.Total_Premium__c</members>
    <members>Product_Summary__c.UCIN_External_ID__c</members>
    <members>Relations__c.Birth_Date__c</members>
    <members>Relations__c.Contact_2__c</members>
    <members>Relations__c.Contact__c</members>
    <members>Relations__c.Dependent__c</members>
    <members>Relations__c.Full_Name__c</members>
    <members>Relations__c.isReversed__c</members>
    <members>Relations__c.Name_Link__c</members>
    <members>Relations__c.Record_Type__c</members>
    <members>Relations__c.Related_Business_Account__c</members>
    <members>Relations__c.Relationship__c</members>
    <members>Relations__c.Reverse_Relationship__c</members>
    <members>Relations__c.Type__c</members>
    <members>User.Agent_Contract__c</members>
    <members>User.Agent_Footer__c</members>
    <members>User.Agent_Type__c</members>
    <members>User.AgentTypes_Footer__c</members>
    <members>User.CFP_Footer__c</members>
    <members>User.Contract_History__c</members>
    <members>User.CPF__c</members>
    <members>User.Designation__c</members>
    <members>User.Field_Office_Code__c</members>
    <members>User.Field_Office_Name__c</members>
    <members>User.Footer_Types__c</members>
    <members>User.FP_Role_type__c</members>
    <members>User.Hire_Date__c</members>
    <members>User.Licenses__c</members>
    <members>User.Manager__c</members>
    <members>User.Mentor_RACF_ID__c</members>
    <members>User_Notifications__c.Active__c</members>
    <members>User_Notifications__c.Description__c</members>
    <members>User_Notifications__c.Display_End_Time__c</members>
    <members>User_Notifications__c.Display_Start_Time__c</members>
    <members>User_Notifications__c.Subject__c</members>
    <members>User.Photo_Image_URL__c</members>
    <members>User.PODS_ID__c</members>
    <members>User_Product_State_License__c.Advisor__c</members>
    <members>User_Product_State_License__c.License_Number__c</members>
    <members>User_Product_State_License__c.Product_State_Combo__c</members>
    <members>User_Product_State_License__c.State__c</members>
    <members>User.RACF_ID__c</members>
    <members>User.Report_Folder__c</members>
    <members>User.ReportsTo_RACF_ID__c</members>
    <members>User.Reports_To_Relation__c</members>
    <members>User.Skills__c</members>
    <members>User.Staff_Code__c</members>
    <members>User.Status__c</members>
    <members>User.Supported_Agents__c</members>
    <members>User.Supporting_RACFID__c</members>
    <members>User.Supporting_Relation__c</members>
    <members>User.Termination_Date__c</members>
    <members>User.Territory__c</members>
    <members>User.UCIN_External_ID__c</members>
    <members>User.Website_Address__c</members>
    <name>CustomField</name>
  </types>
  <types>
    <members>Account_Notes_Non_Prudential_FieldId</members>
    <members>Account_Sharing_Account_Id</members>
    <members>Activity_Outcome_Error</members>
    <members>Activity_Source</members>
    <members>Activity_Type_View_Dashboard</members>
    <members>actnote_actLkId_Label</members>
    <members>Advicent_error</members>
    <members>AdvicentUrl</members>
    <members>Annuity</members>
    <members>Annuity_Complete</members>
    <members>Annuity_Outbrokerage_Record_Name</members>
    <members>Attachment_Edit</members>
    <members>Authentication_Req_Types</members>
    <members>Auto_Generated_Pre_Fix</members>
    <members>Auto_Outbrokerage_Record_Name</members>
    <members>Back_Office_Queue</members>
    <members>Basic_Auth_Key_Activate_Account</members>
    <members>Basic_Auth_Key_Aggregate_Account</members>
    <members>Basic_Auth_Key_Audit_Trail</members>
    <members>Basic_Auth_Key_Deactivate_Account</members>
    <members>Basic_Auth_Key_Global_Profiles</members>
    <members>Basic_Auth_Key_Lite_Registration</members>
    <members>Basic_Auth_Key_Profile</members>
    <members>Basic_Auth_Key_Profiles</members>
    <members>Basic_Auth_Key_Reset_Password</members>
    <members>Basic_Auth_Key_Unlock_Account</members>
    <members>Batch_AccessExpire</members>
    <members>Batch_AccountMerge</members>
    <members>Batch_DelAccount</members>
    <members>Batch_ProductShare</members>
    <members>Batch_Pub_Grp</members>
    <members>Bulk_Op_In_No_Programs</members>
    <members>Bulk_Opt_In_Completed</members>
    <members>Bulk_Opt_In_Invalid_Field_Office_Code</members>
    <members>Bulk_Opt_In_No_Field_Office_Code</members>
    <members>Bulk_Opt_In_no_Users</members>
    <members>Bulk_Opt_In_Select_Users</members>
    <members>CAL_Owner_username</members>
    <members>Campaign_Recordtype_Name</members>
    <members>Client_Address_error</members>
    <members>Client_Adress_City_and_State_error</members>
    <members>Client_Certificate_Name</members>
    <members>Close_Case_Statuses</members>
    <members>Contact_Dashboard_Url</members>
    <members>Contact_Search_Name</members>
    <members>Contact_Search_Phone</members>
    <members>Contact_Search_Validate</members>
    <members>Contract_Annuity_Url</members>
    <members>CRT_noValidDates</members>
    <members>CRT_SelectDate</members>
    <members>CRTURL</members>
    <members>Date_of_Birth</members>
    <members>Default_Poster_User_Id</members>
    <members>Disability_Outbrokerage_Record_Name</members>
    <members>DOB_validation</members>
    <members>Duplicate_Relation_Error</members>
    <members>EcfLink</members>
    <members>Elife_Certificate_Name</members>
    <members>Elife_Error_Message</members>
    <members>ElifeMaxBene</members>
    <members>ElifeMaxOwner</members>
    <members>ElifeMaxProduct</members>
    <members>ElifeNoDataWarningMsg</members>
    <members>ElifeNoPOSelected</members>
    <members>ElifePermissionSetName</members>
    <members>Elife_Request_Endpoint</members>
    <members>Elife_Status_Code</members>
    <members>ElifeURL</members>
    <members>Email_Address</members>
    <members>Email_Template</members>
    <members>EmailTemplateURL</members>
    <members>EnableTrigger</members>
    <members>End_Date_Error</members>
    <members>Environment</members>
    <members>Error_Account_ContactName</members>
    <members>Error_Account_Creation</members>
    <members>Error_Account_No_Contract</members>
    <members>Error_Account_Owner_Text_Field</members>
    <members>Error_Account_Search_FirstLastName</members>
    <members>Error_Account_Search_FirstName</members>
    <members>Error_Account_Search_LastName</members>
    <members>Error_Account_Search_Policy</members>
    <members>Error_Account_ValidateDateofBirth</members>
    <members>Error_Account_ValidatePhoneNumber</members>
    <members>Error_Account_WithoutFirstAndLastName</members>
    <members>Error_Account_WithoutStatus</members>
    <members>Error_Activities</members>
    <members>Error_Activity_CannotDelete</members>
    <members>Error_Activity_CannotUpdate</members>
    <members>Error_Add_Funds_Page</members>
    <members>Error_Attachment_CannotDelete</members>
    <members>Error_Client_ID</members>
    <members>Error_Contact_SelectOwner</members>
    <members>Error_Contact_SelectProducer</members>
    <members>Error_Date_Range</members>
    <members>Error_Duplicate_Record</members>
    <members>Error_Edit_Relationship</members>
    <members>Error_Event_Creation</members>
    <members>Error_Global_NoContractNumber</members>
    <members>Error_Global_SelectAgent</members>
    <members>Error_Global_ValidateDateOfBirth</members>
    <members>Error_Global_ValidateEmailAddress</members>
    <members>Error_Initial_Lead_Contact</members>
    <members>Error_Initial_Lead_Contact_Task</members>
    <members>Error_Invalid_Producer</members>
    <members>Error_Lead_NOL</members>
    <members>Error_Lead_Notes</members>
    <members>Error_Lead_Page</members>
    <members>Error_Merge_ContactAdmin1</members>
    <members>Error_Merge_MergeCompleted</members>
    <members>Error_Merge_SelecteTwoRecords</members>
    <members>Error_Merge_SelectPrimaryRecord</members>
    <members>Error_No_Notes</members>
    <members>Error_Notes_Cant_Edit_Delete</members>
    <members>Error_PrivateNotes_CannoCreate</members>
    <members>Error_PrivatePruNotes_CannotEdit</members>
    <members>Error_Producer_in_Dependent</members>
    <members>Error_PublicGroup_NoPublicGroupExists</members>
    <members>Error_Relation_Select_BusinessAccount</members>
    <members>Error_Relation_Select_PersonAccount</members>
    <members>Error_Relation_Select_Relation</members>
    <members>Error_Relation_Select_Relationship</members>
    <members>Error_Relation_Select_Type</members>
    <members>Error_Seach_Criteria1</members>
    <members>Error_Seach_Criteria2</members>
    <members>Error_Seach_Criteria3</members>
    <members>Error_Search_NoSearchResults</members>
    <members>Error_Search_SelectContactType</members>
    <members>Error_Security_NoAccessExists</members>
    <members>Error_Task_Creation</members>
    <members>Error_temp_opt_out_dates</members>
    <members>Error_temp_opt_out_start_date</members>
    <members>Error_User_Data</members>
    <members>ETL_LeadOwner</members>
    <members>Event_Editable_Days</members>
    <members>Express_Inforce_Link</members>
    <members>Family_DOB</members>
    <members>Gender</members>
    <members>Help_for_Account_field</members>
    <members>Help_For_First_Last_Name</members>
    <members>Help_for_Owner_field</members>
    <members>Help_for_Owner_Text_field</members>
    <members>Help_for_Phone_field</members>
    <members>Help_for_Product_field</members>
    <members>HomelinkAn4</members>
    <members>Home_Owner_Outbrokerage_Record_Name</members>
    <members>InitialETL_LeadStatus</members>
    <members>Initial_Optin_Status</members>
    <members>Initiate_Product_Share</members>
    <members>Insurance_Summary_Record_Name</members>
    <members>InvestmentStrategyPermissionSetName</members>
    <members>Investment_Summary_Record_Name</members>
    <members>Launch_PLI_system</members>
    <members>Lead_Emai_Address</members>
    <members>Lead_FP_Designated_Distribution_type</members>
    <members>Lead_Management_Designated_Distribution_type</members>
    <members>Lead_RR_Distribution_type</members>
    <members>Lead_Search_No_Results</members>
    <members>Leads_Report</members>
    <members>Lead_Status_for_AutoAccept</members>
    <members>LEX_AccNote_AccNameValidation</members>
    <members>LEX_AccNote_SubValidation</members>
    <members>Life_Outbrokerage_Record_Name</members>
    <members>Link_to_NOL</members>
    <members>LTC_Insurance_Summary_Record_Name</members>
    <members>MD_Campaign_Selection_Section_Notes</members>
    <members>MD_MFS_SLA_Time</members>
    <members>MD_Reassign_Completed</members>
    <members>MD_Reassign_Error_Select_Leads</members>
    <members>MD_Reassign_Error_Select_Programs</members>
    <members>MD_Reassign_Error_Select_User</members>
    <members>MD_Reassign_No_Leads</members>
    <members>MD_Reassign_Select_Campaign_Help_Text</members>
    <members>MD_Reassign_Select_User</members>
    <members>Merge_Page_Note</members>
    <members>Mutual_Fund_Investement_Record_Name</members>
    <members>Mutual_Fund_Outbrokerage_Record_Name</members>
    <members>NeedsAnalysisComplete</members>
    <members>New_Manager_On_Approval_Req</members>
    <members>No_FP_FPA_Users</members>
    <members>No_Leads_MD_Reassign</members>
    <members>NOL_Link</members>
    <members>No_MFS_Users</members>
    <members>Non_Prudential_Account_FieldId</members>
    <members>No_Products</members>
    <members>Note_Error</members>
    <members>Notes_Attachments</members>
    <members>Notes_Info</members>
    <members>OrganizationID</members>
    <members>Outbrokerage_Summary_Record_Name</members>
    <members>PA_Marketing_UserId</members>
    <members>ParentCampaignId</members>
    <members>ParentCampaign_value</members>
    <members>Private_Notes</members>
    <members>Product_Share_Error</members>
    <members>Product_Summary_Object_API_Name</members>
    <members>ProgramParticipationReport</members>
    <members>Prudential_Admin</members>
    <members>Prudential_Admin_Profile_ID</members>
    <members>Prudential_Annuity_Summary_Record_Name</members>
    <members>PruFormsCampURL</members>
    <members>PruFormsProgramURL</members>
    <members>PruFormsRecordType</members>
    <members>PruLetterHead</members>
    <members>Prundential_User_Id</members>
    <members>Reassign_Closed</members>
    <members>Recommendation_Complete</members>
    <members>Relation_Contact_Field_Id</members>
    <members>RelationshipGender</members>
    <members>Relation_Type_Business_Account</members>
    <members>Relation_Type_Dependent</members>
    <members>Relation_Type_Person_Account</members>
    <members>Relation_Type_Someone</members>
    <members>Request_Client_Certificate_Name</members>
    <members>SF1_Product_Summary_Error</members>
    <members>Site_Label</members>
    <members>Size_of_Family_members</members>
    <members>SObject_Campaign</members>
    <members>StreetScape</members>
    <members>SurveySignature</members>
    <members>System_Administrator_Profile_Id</members>
    <members>Task_Editable_Days</members>
    <members>Tax_Filing_Status</members>
    <members>Test_Image_URL</members>
    <members>Umbrella_Outbrokerage_Record_Name</members>
    <members>User_Error_Message</members>
    <members>WBI_Callout_Retry_Count</members>
    <members>WBI_CLARIFY_URL</members>
    <members>XPruImpersonatedBUIDType_Api_Header</members>
    <name>CustomLabel</name>
  </types>
  <types>
    <members>CustomLabels</members>
    <name>CustomLabels</name>
  </types>
  <types>
    <members>Account</members>
    <members>Account</members>
    <members>AccountContactRole</members>
    <members>Activity</members>
    <members>Additional_Contact_Information__c</members>
    <members>Agent_Client__c</members>
    <members>Asset</members>
    <members>AssetRelationship</members>
    <members>AssistantProgress</members>
    <members>Campaign</members>
    <members>CampaignMember</members>
    <members>Case</members>
    <members>CaseContactRole</members>
    <members>Case_Types_to_Authorize__c</members>
    <members>CDMSettings__c</members>
    <members>Contact</members>
    <members>ContentVersion</members>
    <members>Contract</members>
    <members>ContractContactRole</members>
    <members>Dependents__c</members>
    <members>DuplicateRecordItem</members>
    <members>DuplicateRecordSet</members>
    <members>EmailMessage</members>
    <members>Event</members>
    <members>ExchangeUserMapping</members>
    <members>FeedItem</members>
    <members>Firm_Mapping__c</members>
    <members>ForecastingAdjustment</members>
    <members>ForecastingCategoryMapping</members>
    <members>ForecastingOwnerAdjustment</members>
    <members>ForecastingQuota</members>
    <members>ForecastingTypeToCategory</members>
    <members>Knowledge__kav</members>
    <members>Lead</members>
    <members>LinkedArticle</members>
    <members>Macro</members>
    <members>MacroAction</members>
    <members>MacroInstruction</members>
    <members>NetworkMember</members>
    <members>Non_Prudential_Product__c</members>
    <members>Opportunity</members>
    <members>OpportunityCompetitor</members>
    <members>OpportunityContactRole</members>
    <members>OpportunityLineItem</members>
    <members>Order</members>
    <members>OrderItem</members>
    <members>PartnerRole</members>
    <members>PersonAccount</members>
    <members>Pricebook2</members>
    <members>PricebookEntry</members>
    <members>Private_Notes__c</members>
    <members>Private_Pru_Notes__c</members>
    <members>Product2</members>
    <members>Product_Agent__c</members>
    <members>Product_Client_Relations__c</members>
    <members>Product_Summary__c</members>
    <members>Quote</members>
    <members>QuoteLineItem</members>
    <members>Relations__c</members>
    <members>Scorecard</members>
    <members>ScorecardMetric</members>
    <members>Site</members>
    <members>SocialPersona</members>
    <members>SocialPost</members>
    <members>Solution</members>
    <members>StreamingChannel</members>
    <members>Task</members>
    <members>User</members>
    <members>User_Notifications__c</members>
    <members>User_Product_State_License__c</members>
    <members>WorkBadge</members>
    <members>WorkBadgeDefinition</members>
    <members>WorkThanks</members>
    <name>CustomObject</name>
  </types>
  <types>
    <members>Additional_Contact_Information__c-en_US</members>
    <members>Agent_Client__c-en_US</members>
    <members>Case_Types_to_Authorize__c-en_US</members>
    <members>CDMSettings__c-en_US</members>
    <members>Dependents__c-en_US</members>
    <members>Firm_Mapping__c-en_US</members>
    <members>Knowledge__kav-en_US</members>
    <members>Non_Prudential_Product__c-en_US</members>
    <members>Private_Notes__c-en_US</members>
    <members>Private_Pru_Notes__c-en_US</members>
    <members>Product_Agent__c-en_US</members>
    <members>Product_Client_Relations__c-en_US</members>
    <members>Product_Summary__c-en_US</members>
    <members>Relations__c-en_US</members>
    <members>User_Notifications__c-en_US</members>
    <members>User_Product_State_License__c-en_US</members>
    <name>CustomObjectTranslation</name>
  </types>
  <types>
    <members>Customers</members>
    <name>CustomSite</name>
  </types>
  <types>
    <members>Admin_Fee</members>
    <members>Alert_Management</members>
    <members>Call_Receiver</members>
    <members>Contacts</members>
    <members>Knowledge__kav</members>
    <members>User_Notifications__c</members>
    <name>CustomTab</name>
  </types>
  <types>
    <members>Best_Practice_Service_Dashboards</members>
    <members>Best_Practice_Service_Dashboards/Agent_Supervisor_Overview</members>
    <members>Best_Practice_Service_Dashboards/Service_Exec_Overview</members>
    <members>Best_Practice_Service_Dashboards/Service_KPIs</members>
    <members>Sales_Marketing_Dashboards</members>
    <members>Sales_Marketing_Dashboards/Marketing_Executive_Dashboard</members>
    <members>Sales_Marketing_Dashboards/Sales_Executive_Dashboard</members>
    <members>Sales_Marketing_Dashboards/Sales_Manager_Dashboard</members>
    <members>Sales_Marketing_Dashboards/Salesperson_Dashboard</members>
    <name>Dashboard</name>
  </types>
  <types>
    <members>Lead_Score_Image_Icons</members>
    <members>Logos</members>
    <members>Logos/Prudential.png</members>
    <members>SalesTools</members>
    <members>SharedDocuments</members>
    <name>Document</name>
  </types>
  <types>
    <members>Account.Standard_Person_Account_Duplicate_Rule</members>
    <members>Contact.Standard_Rule_for_Contacts_with_Duplicate_Leads</members>
    <members>Lead.Lead_Duplicate_with_Contacts_Rule</members>
    <members>Lead.Standard_Rule_for_Leads_with_Duplicate_Contacts</members>
    <name>DuplicateRule</name>
  </types>
  <types>
    <members>Assignment_Rule_Templates</members>
    <members>Assignment_Rule_Templates/Assign_based_on_case_status</members>
    <members>Escalation_Templates</members>
    <members>Escalation_Templates/Escalate_to_Back_office_Escalation_Queue</members>
    <members>Escalation_Templates/Escalate_to_BDR_Escalation_Queue</members>
    <members>Escalation_Templates/Escalate_to_CSR_Escalation_Queue</members>
    <members>Escalation_Templates/Escalate_to_IAR_Escalation_Queue</members>
    <members>unfiled$public</members>
    <members>unfiled$public/CommunityChangePasswordEmailTemplate</members>
    <members>unfiled$public/CommunityForgotPasswordEmailTemplate</members>
    <members>unfiled$public/CommunityWelcomeEmailTemplate</members>
    <members>unfiled$public/ContactFollowUpSAMPLE</members>
    <members>unfiled$public/LeadsNewassignmentnotificationSAMPLE</members>
    <members>unfiled$public/LeadsWebtoLeademailresponseSAMPLE</members>
    <members>unfiled$public/SUPPORT%3A Self-Service New Comment %28SAMPLE%29</members>
    <members>unfiled$public/SUPPORT%3A Self-Service New User Login %28SAMPLE%29</members>
    <members>unfiled$public/SUPPORT%3A Self-Service Reset Password %28SAMPLE%29</members>
    <members>unfiled$public/SUPPORTCaseescalationnotificationSAMPLE</members>
    <members>unfiled$public/SUPPORTCaseResponsewithSolutionSAMPLE</members>
    <members>unfiled$public/SUPPORTNewassignmentnotificationSAMPLE</members>
    <members>unfiled$public/SUPPORTSelfServiceNewCommentNotificationSAMPLE</members>
    <members>unfiled$public/SUPPORTSelfServiceNewUserLoginInformationSAMPLE</members>
    <members>unfiled$public/SUPPORTSelfServiceResetPasswordSAMPLE</members>
    <members>unfiled$public/SUPPORTWebtoCaseemailresponseSAMPLE</members>
    <name>EmailTemplate</name>
  </types>
  <types>
    <members>Case.Case Escalation</members>
    <name>EscalationRule</name>
  </types>
  <types>
    <members>Case</members>
    <name>EscalationRules</name>
  </types>
  <types>
    <members>Non_Prudential_Product__c.Non_Prudential_Field_Set</members>
    <members>Product_Summary__c.Insurance_Summary_Field_Set</members>
    <members>Product_Summary__c.Investment_Summary_Field_Set</members>
    <members>Product_Summary__c.Outbrokerage_Summary_Field_Set</members>
    <members>Product_Summary__c.Prudential_Annuity_Summary_Field_Set</members>
    <members>User.Additional_Information</members>
    <members>User.Locale_Settings</members>
    <members>User.Mailing_Address</members>
    <members>User.UserEdit</members>
    <name>FieldSet</name>
  </types>
  <types>
    <members>Account_Record_Page</members>
    <members>Advice_2_0_UtilityBar</members>
    <members>Advice_UtilityBar</members>
    <members>Alert_Admin_UtilityBar</members>
    <members>Back_Office_Home</members>
    <members>BDR_Home</members>
    <members>Case_Record_Page</members>
    <members>Case_Record_Page3</members>
    <members>Case_Record_Page6</members>
    <members>Contact_Record_Page</members>
    <members>Contact_Record_Page1</members>
    <members>CSR_Home</members>
    <members>Home_Page_Default</members>
    <members>IAR_Home</members>
    <members>Lead_Record_Page</members>
    <members>Lead_Record_Page1</members>
    <members>LightningSalesConsole_UtilityBar</members>
    <members>LightningService_UtilityBar</members>
    <name>FlexiPage</name>
  </types>
  <types>
    <members>Update_Contact_Email_Field_with_Web_Email_Field_Value</members>
    <name>Flow</name>
  </types>
  <types>
    <members>Update_Contact_Email_Field_with_Web_Email_Field_Value</members>
    <name>FlowDefinition</name>
  </types>
  <types>
    <members>Backoffice_Manager</members>
    <members>Backoffice_Rep</members>
    <members>BDR</members>
    <members>BDR_Manager</members>
    <members>CSR</members>
    <members>CSR_Manager</members>
    <members>IAR</members>
    <members>IAR_Manager</members>
    <members>Supervisor_Backoffice</members>
    <members>Supervisor_BDR</members>
    <members>Supervisor_CSR</members>
    <members>Supervisor_IAR</members>
    <members>System_Administrators</members>
    <name>Group</name>
  </types>
  <types>
    <members>TC Logo</members>
    <name>HomePageComponent</name>
  </types>
  <types>
    <members>Dashboard Home Page Default</members>
    <name>HomePageLayout</name>
  </types>
  <types>
    <members>sf_chttr_apps</members>
    <members>sf_chttr_apps</members>
    <members>sf_chttr_apps</members>
    <members>sf_chttr_apps</members>
    <members>sf_chttr_apps</members>
    <members>sf_chttr_apps</members>
    <members>sf_chttr_apps</members>
    <members>sf_chttr_apps</members>
    <members>sf_chttr_apps</members>
    <members>sf_chttr_apps</members>
    <members>sf_chttr_apps</members>
    <members>sf_chttr_apps</members>
    <members>sf_chttr_apps</members>
    <members>sf_chttr_apps</members>
    <members>sf_chttr_apps</members>
    <members>sf_chttr_apps</members>
    <members>sf_chttr_apps</members>
    <members>sf_chttr_apps</members>
    <members>sf_chttr_apps</members>
    <members>sf_com_apps</members>
    <members>sf_com_apps</members>
    <members>sf_com_apps</members>
    <members>sf_com_apps</members>
    <members>sf_com_apps</members>
    <members>sf_com_apps</members>
    <members>sf_com_apps</members>
    <members>sf_com_apps</members>
    <members>sf_com_apps</members>
    <members>sf_com_apps</members>
    <members>sf_com_apps</members>
    <members>sf_com_apps</members>
    <members>sf_com_apps</members>
    <members>sf_com_apps</members>
    <members>sf_com_apps</members>
    <members>sf_com_apps</members>
    <members>sf_com_apps</members>
    <name>InstalledPackage</name>
  </types>
  <types>
    <members>Account-Account Layout</members>
    <members>Additional_Contact_Information__c-Additional Contact Information Layout</members>
    <members>Agent_Client__c-Account Related Financial Professional Layout</members>
    <members>Asset-Asset Layout</members>
    <members>Campaign-Campaign Layout</members>
    <members>CampaignMember-Campaign Member Page Layout</members>
    <members>Case-Case Layout</members>
    <members>CaseClose-Close Case Layout</members>
    <members>CaseInteraction-Case Feed Layout</members>
    <members>CollaborationGroup-Group Layout</members>
    <members>Contact-Contact Layout</members>
    <members>Contract-Contract Layout</members>
    <members>Dependents__c-Relation Layout</members>
    <members>DuplicateRecordSet-Duplicate Record Set Layout</members>
    <members>Event-Event Layout</members>
    <members>FeedItem-Feed Item Layout</members>
    <members>Firm_Mapping__c-Firm Mapping Layout</members>
    <members>Global-Global Layout</members>
    <members>Knowledge__kav-Case Resolution Guide Layout</members>
    <members>Knowledge__kav-FAQ Layout</members>
    <members>Knowledge__kav-Internal Job Aids Layout</members>
    <members>Knowledge__kav-Knowledge Layout</members>
    <members>Knowledge__kav-Reference Layout</members>
    <members>Knowledge__kav-Training Layout</members>
    <members>Knowledge__kav-Troubleshooting Layout</members>
    <members>Lead-Agent Lead Layout</members>
    <members>Lead-Lead Layout</members>
    <members>Macro-Macro Layout</members>
    <members>Non_Prudential_Product__c-Non Prudential Product Layout</members>
    <members>Opportunity-ILI Sales Process</members>
    <members>OpportunityLineItem-Opportunity Product Layout</members>
    <members>Opportunity-Opportunity Layout</members>
    <members>OrderItem-Order Product Layout</members>
    <members>Order-Order Layout</members>
    <members>PersonAccount-Person Account Layout</members>
    <members>Pricebook2-Price Book Layout</members>
    <members>PricebookEntry-Price Book Entry Layout</members>
    <members>Private_Notes__c-Account Note Layout</members>
    <members>Private_Pru_Notes__c-Account Note Layout</members>
    <members>Product2-Product Layout</members>
    <members>Product_Agent__c-Product Related Financial Professional Layout</members>
    <members>Product_Client_Relations__c-Account Related Product Layout</members>
    <members>Product_Summary__c-Product Summary Layout</members>
    <members>QuoteLineItem-Quote Line Item Layout</members>
    <members>Quote-Quote Layout</members>
    <members>Relations__c-Relationship Layout</members>
    <members>ScorecardMetric-Scorecard Metric Layout</members>
    <members>Scorecard-Scorecard Layout</members>
    <members>SocialPersona-Social Persona Layout</members>
    <members>SocialPost-Social Post Layout</members>
    <members>Solution-Solution Layout</members>
    <members>Task-Task Layout</members>
    <members>UserAlt-User Profile Layout</members>
    <members>UserAppMenuItem-Application Layout</members>
    <members>User_Notifications__c-User Notifications Layout</members>
    <members>User_Product_State_License__c-User Product State License Layout</members>
    <members>User-User Layout</members>
    <members>WorkAccess-Access Layout</members>
    <members>WorkBadge-Badge Layout</members>
    <members>WorkBadgeDefinition-Badge Definition Layout</members>
    <members>WorkThanks-Thanks Layout</members>
    <name>Layout</name>
  </types>
  <types>
    <members>Prudential</members>
    <name>Letterhead</name>
  </types>
  <types>
    <members>Account.AllAccounts</members>
    <members>Account.MyAccounts</members>
    <members>Activity.MyActivities</members>
    <members>Activity.MyDelegatedActivities</members>
    <members>Activity.MyTeamsActivities</members>
    <members>Activity.TodaysTasks</members>
    <members>Activity.UpcomingEvents</members>
    <members>Agent_Client__c.All</members>
    <members>Asset.AllAssets</members>
    <members>Campaign.AllActiveCampaigns</members>
    <members>Campaign.MyActiveCampaigns</members>
    <members>Case.AllOpenCases</members>
    <members>Case.Backoffice_escalation_Case</members>
    <members>Case.Backoffice_Manager_Case</members>
    <members>Case.Backoffice_Rep_Case</members>
    <members>Case.BDR_Case</members>
    <members>Case.BDR_Escalation_Case</members>
    <members>Case.BDR_Manager_Case</members>
    <members>Case.CSR_Case</members>
    <members>Case.CSR_Escalation_Case</members>
    <members>Case.CSR_Manager_Case</members>
    <members>Case.Escalation_BD_Rep_Case</members>
    <members>Case.Escalation_CSR_Case</members>
    <members>Case.Escalation_IAR_Case</members>
    <members>Case.IAR_Case</members>
    <members>Case.IAR_Escalation_Case</members>
    <members>Case.IAR_Manager_Case</members>
    <members>Case.MyCases</members>
    <members>Case.MyOpenCases</members>
    <members>Case.Quality_Review_Case</members>
    <members>Contact.AllContacts</members>
    <members>Contact.Contacts_with_Created_Date</members>
    <members>Contact.MyContacts</members>
    <members>Contract.AllActivatedContracts</members>
    <members>Contract.AllContracts</members>
    <members>Contract.AllDraftContracts</members>
    <members>Contract.AllInApprovalContracts</members>
    <members>Contract.MyActivatedContracts</members>
    <members>Contract.MyDraftContracts</members>
    <members>Contract.MyInApprovalContracts</members>
    <members>Firm_Mapping__c.All</members>
    <members>Knowledge__kav.archived_articles</members>
    <members>Knowledge__kav.draft_articles</members>
    <members>Knowledge__kav.published_articles</members>
    <members>Lead.AllOpenLeads</members>
    <members>Lead.Back_Office_Assigned_Leads</members>
    <members>Lead.BDR_Assigned_Leads</members>
    <members>Lead.IAR_Assigned_Leads</members>
    <members>Lead.Lead_Score_View</members>
    <members>Lead.My_Open_Leads</members>
    <members>Lead.MyUnreadLeads</members>
    <members>Lead.TodaysLeads</members>
    <members>Non_Prudential_Product__c.All</members>
    <members>Opportunity.AllOpportunities</members>
    <members>Opportunity.ClosingNextMonth</members>
    <members>Opportunity.ClosingThisMonth</members>
    <members>Opportunity.Default_Opportunity_Pipeline</members>
    <members>Opportunity.MyOpportunities</members>
    <members>Opportunity.NewThisWeek</members>
    <members>Opportunity.Won</members>
    <members>Order.AllActivatedOrders</members>
    <members>Order.AllDraftOrders</members>
    <members>Order.AllOrders</members>
    <members>Private_Pru_Notes__c.All</members>
    <members>Private_Pru_Notes__c.Notes_This_Week</members>
    <members>Product2.AllProducts</members>
    <members>Product_Client_Relations__c.All_Account_Related_Products</members>
    <members>Quote.mine</members>
    <members>SocialPost.AllSocialPosts</members>
    <members>Solution.AllReviewedSolutions</members>
    <members>Solution.AllUnreviewedSolutions</members>
    <members>User.ActiveUsers</members>
    <members>User.AdminUsers</members>
    <members>User.AllUsers</members>
    <members>User.By_Firm_Users</members>
    <members>User.Chatter_Only_Users</members>
    <members>User.Created_Today</members>
    <members>User_Notifications__c.All</members>
    <members>User.PAT1_Users</members>
    <members>User.QBNY_Office_Management</members>
    <name>ListView</name>
  </types>
  <types>
    <members>Customers</members>
    <name>ManagedTopics</name>
  </types>
  <types>
    <members>Account.Standard_Account_Match_Rule_v1_0</members>
    <members>Account.Standard_PersonAccount_Match_Rule_v1_0</members>
    <members>Contact.Lead_Duplicate_with_Contacts_Rule_matching_rule</members>
    <members>Contact.Standard_Contact_Match_Rule_v1_1</members>
    <members>Lead.Lead_Duplictae_with_Email_matching_rule</members>
    <members>Lead.Standard_Lead_Match_Rule_v1_0</members>
    <name>MatchingRule</name>
  </types>
  <types>
    <members>Account</members>
    <members>Contact</members>
    <members>Lead</members>
    <members>PersonAccount</members>
    <name>MatchingRules</name>
  </types>
  <types>
    <members>Alert_Endpoints</members>
    <members>Endpoint_About_Me_Profile</members>
    <members>Endpoint_Activity_History</members>
    <members>Endpoint_AggregatedAccount_Get</members>
    <members>Endpoint_Get_User_Agent</members>
    <members>Endpoint_Get_User_Goals</members>
    <members>Endpoint_Profile_Activate</members>
    <members>Endpoint_Profile_Audit_Trail</members>
    <members>Endpoint_Profile_Deactivate</members>
    <members>Endpoint_Profile_Global_Search</members>
    <members>Endpoint_Profile_Reset_Password</members>
    <members>Endpoint_Profile_Search</members>
    <members>Endpoint_Profile_Unlock</members>
    <members>Endpoint_Profile_Update</members>
    <members>Endpoint_Trigger_Alert</members>
    <members>Endpoint_User_Accounts</members>
    <members>Internal_Operations_Endpoints</members>
    <members>PEP_Endpoints</members>
    <name>NamedCredential</name>
  </types>
  <types>
    <members>Customers</members>
    <name>Network</name>
  </types>
  <types>
    <members>Admin</members>
    <members>BackOfficeRep</members>
    <members>BDR</members>
    <members>Chatter External User</members>
    <members>Chatter Free User</members>
    <members>Chatter Moderator User</members>
    <members>ContractManager</members>
    <members>CSR</members>
    <members>Customer Community Login User</members>
    <members>Customer Community Login User Custom</members>
    <members>Customers Profile</members>
    <members>Guest License User</members>
    <members>IAR</members>
    <members>Limited Chatter User</members>
    <members>MarketingProfile</members>
    <members>ReadOnly</members>
    <members>SolutionManager</members>
    <members>Standard</members>
    <members>StandardAul</members>
    <members>Supervisor-BackofficeRep</members>
    <members>Supervisor-BDR</members>
    <members>Supervisor-CSR</members>
    <members>Supervisor-IAR</members>
    <name>Profile</name>
  </types>
  <types>
    <members>Backoffice_escalation</members>
    <members>Backoffice_Manager</members>
    <members>Backoffice_Rep</members>
    <members>BDR</members>
    <members>BDR_Escalation</members>
    <members>BDR_Manager</members>
    <members>CSR</members>
    <members>CSR_Escalation</members>
    <members>CSR_Manager</members>
    <members>IAR</members>
    <members>IAR_Escalation</members>
    <members>IAR_Manager</members>
    <members>Quality_Review</members>
    <name>Queue</name>
  </types>
  <types>
    <members>Account</members>
    <members>Account.Activate_Account</members>
    <members>Account.Case</members>
    <members>Account.Child_Account</members>
    <members>Account.Contact</members>
    <members>Account.Deactivate_Account</members>
    <members>Account.Log_a_Call</members>
    <members>Account.Note</members>
    <members>Account.Opportunity</members>
    <members>Account.Reset_Password</members>
    <members>Account.Task</members>
    <members>Account.Unlock_Account</members>
    <members>Campaign</members>
    <members>Campaign.Child_Campaign</members>
    <members>Campaign.Task</members>
    <members>Case</members>
    <members>Case.Child_Case</members>
    <members>Case.Event</members>
    <members>Case.Log_a_Call</members>
    <members>Case.NewChildCase</members>
    <members>Case.SendEmail</members>
    <members>Case.Send_Email</members>
    <members>Case.Task</members>
    <members>CollaborationGroup.NewGroupMember</members>
    <members>CollaborationGroup.NewGroupRecord</members>
    <members>Contact</members>
    <members>Contact.Activate_Account</members>
    <members>Contact.Case</members>
    <members>Contact.Create_Case</members>
    <members>Contact.Deactivate_Account</members>
    <members>Contact.Event</members>
    <members>Contact.Log_a_Call</members>
    <members>Contact.Note</members>
    <members>Contact.Reset_Password</members>
    <members>Contact.Task</members>
    <members>Contact.Unlock_Account</members>
    <members>Create_Lead</members>
    <members>Event</members>
    <members>FeedItem.NewTaskFromFeedItem</members>
    <members>Lead</members>
    <members>Lead.Engage</members>
    <members>Lead.Event</members>
    <members>Lead.Log_a_Call</members>
    <members>Lead.Note</members>
    <members>Lead.Task</members>
    <members>Log_a_Call</members>
    <members>LogACall</members>
    <members>NewAccount</members>
    <members>NewCase</members>
    <members>New_Case</members>
    <members>NewContact</members>
    <members>NewEvent</members>
    <members>NewGroup</members>
    <members>NewLead</members>
    <members>NewOpportunity</members>
    <members>NewTask</members>
    <members>Note</members>
    <members>Opportunity</members>
    <members>Opportunity.Event</members>
    <members>Opportunity.Log_a_Call</members>
    <members>Opportunity.Task</members>
    <members>Quote.SendEmail</members>
    <members>SendEmail</members>
    <members>Task</members>
    <members>Task.Defer</members>
    <members>Task.EditDescription</members>
    <members>Task.UpdatePriority</members>
    <members>Task.UpdateStatus</members>
    <name>QuickAction</name>
  </types>
  <types>
    <members>Account.Business_Account</members>
    <members>Account.PersonAccount</members>
    <members>Case.Email_WebToCase</members>
    <members>Case.Interactive</members>
    <members>Knowledge__kav.Case_Resolution_Guide</members>
    <members>Knowledge__kav.FAQ</members>
    <members>Knowledge__kav.Internal_Job_Aids</members>
    <members>Knowledge__kav.Reference</members>
    <members>Knowledge__kav.Training</members>
    <members>Knowledge__kav.Troubleshooting</members>
    <members>Opportunity.ILI_Sales_Process</members>
    <members>Product_Summary__c.Annuity</members>
    <members>Product_Summary__c.Annuity_OBR</members>
    <members>Product_Summary__c.Auto</members>
    <members>Product_Summary__c.Command</members>
    <members>Product_Summary__c.Disability</members>
    <members>Product_Summary__c.Home_Owner</members>
    <members>Product_Summary__c.Life</members>
    <members>Product_Summary__c.Life_OBR</members>
    <members>Product_Summary__c.LTC_OBR</members>
    <members>Product_Summary__c.LTC_PRU</members>
    <members>Product_Summary__c.Mutual_Fund</members>
    <members>Product_Summary__c.Mutual_Fund_OBR</members>
    <members>Product_Summary__c.Umbrella</members>
    <members>Task.Log_a_Call</members>
    <members>Task.Task</members>
    <name>RecordType</name>
  </types>
  <types>
    <members>eapi</members>
    <name>RemoteSiteSetting</name>
  </types>
  <types>
    <members>BDR_Case_Reports</members>
    <members>BDR_Case_Reports/Case_Backlog_for_my_Team</members>
    <members>BDR_Case_Reports/Cases_Closed_for_my_Team</members>
    <members>BDR_Case_Reports/Escalated_Cases</members>
    <members>BDR_Case_Reports/Top_10_Articles</members>
    <members>Best_Practice_Service_Reports</members>
    <members>Best_Practice_Service_Reports/Aged_Cases_by_Account</members>
    <members>Best_Practice_Service_Reports/Aged_Cases_by_Agent</members>
    <members>Best_Practice_Service_Reports/Age_of_Cases_Currently_Open_by_Type</members>
    <members>Best_Practice_Service_Reports/Average_Case_Resolution_Time_1</members>
    <members>Best_Practice_Service_Reports/Average_Case_Resolution_Time_MTD</members>
    <members>Best_Practice_Service_Reports/Avg_Case_Resolution_Time_MTD_by_Agen</members>
    <members>Best_Practice_Service_Reports/Case_Resolution_Time_MTD_by_Origin</members>
    <members>Best_Practice_Service_Reports/Cases_by_Origin</members>
    <members>Best_Practice_Service_Reports/Cases_by_Origin_and_Open_Status</members>
    <members>Best_Practice_Service_Reports/Cases_by_Priority</members>
    <members>Best_Practice_Service_Reports/Cases_by_Type_and_Open_Status</members>
    <members>Best_Practice_Service_Reports/Cases_Closed_MTD</members>
    <members>Best_Practice_Service_Reports/Cases_Closed_MTD_by_Agent</members>
    <members>Best_Practice_Service_Reports/Cases_Created_MTD</members>
    <members>Best_Practice_Service_Reports/Cases_Currently_Open</members>
    <members>Best_Practice_Service_Reports/Cases_Currently_Open_by_Account</members>
    <members>Best_Practice_Service_Reports/Cases_Currently_Open_by_Agent</members>
    <members>Best_Practice_Service_Reports/Cases_Currently_Open_by_Origin</members>
    <members>Best_Practice_Service_Reports/Cases_Currently_Open_by_Priority</members>
    <members>Best_Practice_Service_Reports/Cases_Currently_Open_by_Type</members>
    <members>Best_Practice_Service_Reports/High_Priority_Open_Cases_by_Account</members>
    <members>Best_Practice_Service_Reports/Top_10_Cases_by_Age</members>
    <members>Best_Practice_Service_Reports/Trend_of_Case_Resolution_Time</members>
    <members>Best_Practice_Service_Reports/Trend_of_Cases_Closed</members>
    <members>Best_Practice_Service_Reports/Trend_of_Cases_Created</members>
    <members>DashboardReportsAdoption</members>
    <members>DashboardReportsAdoption/UsageActivitiesCompleted</members>
    <members>Sales_Marketing_Dashboard_Reports</members>
    <members>Sales_Marketing_Dashboard_Reports/Activities_by_Salesperson</members>
    <members>Sales_Marketing_Dashboard_Reports/CampaignROIbyCampaignType</members>
    <members>Sales_Marketing_Dashboard_Reports/CampaignsbyROI</members>
    <members>Sales_Marketing_Dashboard_Reports/Closed_Deals_leader_board</members>
    <members>Sales_Marketing_Dashboard_Reports/Closed_opportunity</members>
    <members>Sales_Marketing_Dashboard_Reports/Leads_by_Industry</members>
    <members>Sales_Marketing_Dashboard_Reports/LeadsbySource</members>
    <members>Sales_Marketing_Dashboard_Reports/Marketing_Exec_Amount_per_Camp</members>
    <members>Sales_Marketing_Dashboard_Reports/Marketing_Exec_Conversion_Rate</members>
    <members>Sales_Marketing_Dashboard_Reports/Marketing_Exec_Converted_Amount</members>
    <members>Sales_Marketing_Dashboard_Reports/Marketing_Exec_Converted_and_Won_Amount</members>
    <members>Sales_Marketing_Dashboard_Reports/Marketing_Exec_Converted_by_Month</members>
    <members>Sales_Marketing_Dashboard_Reports/Marketing_Exec_Leads_by_Campaigns</members>
    <members>Sales_Marketing_Dashboard_Reports/Marketing_Exec_Leads_Converted</members>
    <members>Sales_Marketing_Dashboard_Reports/Marketing_Exec_Lead_Trends_by_Status</members>
    <members>Sales_Marketing_Dashboard_Reports/Marketing_Exec_of_Leads</members>
    <members>Sales_Marketing_Dashboard_Reports/OpportunityProductPipeline</members>
    <members>Sales_Marketing_Dashboard_Reports/Sales_Exec</members>
    <members>Sales_Marketing_Dashboard_Reports/Sales_Exec_Bookings_Trend</members>
    <members>Sales_Marketing_Dashboard_Reports/Sales_Exec_Closed_Deals_QTD</members>
    <members>Sales_Marketing_Dashboard_Reports/Sales_Exec_Lost_Deals</members>
    <members>Sales_Marketing_Dashboard_Reports/Sales_Exec_Open_Deals</members>
    <members>Sales_Marketing_Dashboard_Reports/Sales_Exec_Open_Pipeline</members>
    <members>Sales_Marketing_Dashboard_Reports/Sales_Exec_Open_Pipeline_next_90_days</members>
    <members>Sales_Marketing_Dashboard_Reports/Sales_Exec_Top_Closed_Deals</members>
    <members>Sales_Marketing_Dashboard_Reports/Sales_Manager_Closed_Deals</members>
    <members>Sales_Marketing_Dashboard_Reports/Sales_Manager_Open_Opportunities</members>
    <members>Sales_Marketing_Dashboard_Reports/Sales_Manager_Open_Pipeline</members>
    <members>Sales_Marketing_Dashboard_Reports/Sales_Manager_Pipeline_Next_90_days</members>
    <members>Sales_Marketing_Dashboard_Reports/Sales_Person_Activities_Completed</members>
    <members>Sales_Marketing_Dashboard_Reports/Sales_Person_Activity</members>
    <members>Sales_Marketing_Dashboard_Reports/Sales_Person_MTD_Sales</members>
    <members>Sales_Marketing_Dashboard_Reports/Sales_Person_Open_Pipeline_by_stage</members>
    <members>Sales_Marketing_Dashboard_Reports/SP_Current_Month_Open_Pipeline</members>
    <members>unfiled$public</members>
    <members>unfiled$public/Backoffice_Weekly_Activity</members>
    <members>unfiled$public/Backoffice_Weekly_Activity_with_Call</members>
    <members>unfiled$public/Weekly_Activity_with_Call</members>
    <name>Report</name>
  </types>
  <types>
    <members>Chatter_Activity</members>
    <members>Chatter_Activity_General</members>
    <members>Group_Activity</members>
    <members>Knowledge_Articles_with_Views</members>
    <name>ReportType</name>
  </types>
  <types>
    <members>BackOfficeRep</members>
    <members>BackOfficeRep_Manager</members>
    <members>BDR</members>
    <members>BDR_Manager</members>
    <members>CSR</members>
    <members>CSR_Manager</members>
    <members>Director</members>
    <members>IAR</members>
    <members>IAR_Manager</members>
    <members>Prudential_Financial</members>
    <members>Supervisor_BackOfficeRep</members>
    <members>Supervisor_BDR</members>
    <members>Supervisor_CSR</members>
    <members>Supervisor_IAR</members>
    <members>VP</members>
    <name>Role</name>
  </types>
  <types>
    <members>Prudential_Financial</members>
    <name>SamlSsoConfig</name>
  </types>
  <types>
    <members>Account</members>
    <members>Activities</members>
    <members>Address</members>
    <members>BusinessHours</members>
    <members>Case</members>
    <members>ChatterAnswers</members>
    <members>Company</members>
    <members>Contract</members>
    <members>Entitlement</members>
    <members>Forecasting</members>
    <members>Ideas</members>
    <members>Knowledge</members>
    <members>LiveAgent</members>
    <members>Mobile</members>
    <members>Name</members>
    <members>Opportunity</members>
    <members>Order</members>
    <members>OrgPreference</members>
    <members>PathAssistant</members>
    <members>Product</members>
    <members>Quote</members>
    <members>Search</members>
    <members>Security</members>
    <name>Settings</name>
  </types>
  <types>
    <members>Product_Summary__c.Secondary__c</members>
    <name>SharingReason</name>
  </types>
  <types>
    <members>Account</members>
    <members>Asset</members>
    <members>Campaign</members>
    <members>Case</members>
    <members>Case_Types_to_Authorize__c</members>
    <members>CDMSettings__c</members>
    <members>Contact</members>
    <members>Dependents__c</members>
    <members>Firm_Mapping__c</members>
    <members>Lead</members>
    <members>Opportunity</members>
    <members>Order</members>
    <members>Private_Notes__c</members>
    <members>Product_Summary__c</members>
    <members>User</members>
    <members>User_Notifications__c</members>
    <members>User_Product_State_License__c</members>
    <name>SharingRules</name>
  </types>
  <types>
    <members>Customers1</members>
    <name>SiteDotCom</name>
  </types>
  <types>
    <members>blank_response</members>
    <members>Bootstrap_SF1</members>
    <members>create_user_agent_association_success_resp</members>
    <members>get_iar_agent_resp</members>
    <members>get_user_agent_resp</members>
    <members>JQuery</members>
    <members>LSI</members>
    <members>mock_get_activity_history</members>
    <members>mock_get_global_profiles</members>
    <members>mock_get_profiles</members>
    <members>mock_rs_psw_deactiv_resp</members>
    <members>mock_rs_psw_field_excp_resp</members>
    <members>pruScriptSF1</members>
    <members>req_update_profile</members>
    <members>res_get_accountDetails</members>
    <members>res_get_byc_status</members>
    <members>res_get_byc_status_not_started</members>
    <members>res_get_useraccounts</members>
    <members>res_get_useraccounts_error</members>
    <members>searchprofiles</members>
    <members>SF1_BootstrapMin</members>
    <members>SF1_JqueryMin</members>
    <members>SF1_Preloader</members>
    <members>sha256</members>
    <members>sha512</members>
    <members>SiteSamples</members>
    <members>slds222</members>
    <members>uparrow2</members>
    <members>update_user_agent_assotiation_success_resp</members>
    <name>StaticResource</name>
  </types>
  <types>
    <members>ConcurrentSessionsLimitingPolicy</members>
    <members>LeadDataExportPolicy</members>
    <name>TransactionSecurityPolicy</name>
  </types>
  <types>
    <members>Account.Ask_for_Email_Reason_Code</members>
    <members>Account.Ask_for_Phone_Reason_Code</members>
    <members>Account.Name_Cannot_be_Changed</members>
    <members>Account.Phone_validation_for_less_characters</members>
    <members>Account.Phone_validation_for_more_characters</members>
    <members>Additional_Contact_Information__c.Address_Description</members>
    <members>Additional_Contact_Information__c.EmailAddress_Description</members>
    <members>Additional_Contact_Information__c.PhoneDescription</members>
    <members>Additional_Contact_Information__c.PhoneNumberFormatValidation</members>
    <members>Additional_Contact_Information__c.Preferred_Address</members>
    <members>Additional_Contact_Information__c.Preferred_Email</members>
    <members>Additional_Contact_Information__c.Preferred_Phone</members>
    <members>Contact.Ask_for_Email_Reason_Code</members>
    <members>Contact.Ask_for_OtherPhone_Reason_Code</members>
    <members>Contact.Ask_for_Phone_Reason_Code</members>
    <members>Contact.Ask_for_Secondary_Email_Reason_Code</members>
    <members>Contact.ConstituentTypeCheck</members>
    <members>Contact.ContactEmailValidation</members>
    <members>Contact.Name_Cannot_be_Changed</members>
    <members>Contact.Phone_validation_for_less_characters</members>
    <members>Contact.Phone_validation_for_more_characters</members>
    <members>Dependents__c.Agent_Contract_Owner</members>
    <members>Dependents__c.Date_of_Birth_Validation</members>
    <members>Dependents__c.Error_Change_Ownership</members>
    <members>Dependents__c.PhoneNumber_Validation</members>
    <members>Lead.Account_is_Required_on_Lead_Record</members>
    <members>Lead.Contact_is_Required_on_Lead_Record</members>
    <members>Lead.Either_Email_or_Phone_are_Mandatory</members>
    <members>Private_Pru_Notes__c.Contact_Individual_Private</members>
    <members>Relations__c.Contact_Validation</members>
    <members>Task.Please_specify_is_mandatory_for_other</members>
    <members>User.User_Record_Validation</members>
    <name>ValidationRule</name>
  </types>
  <types>
    <members>Account.GoogleMaps</members>
    <members>Account.GoogleNews</members>
    <members>Account.GoogleSearch</members>
    <members>Campaign.ViewAllCampaignMembers</members>
    <members>Campaign.ViewCampaignInfluenceReport</members>
    <members>Case.Assign_to_Back_Office</members>
    <members>Contact.ContactActivityOverview</members>
    <members>Contact.GoogleMaps</members>
    <members>Contact.GoogleSearch</members>
    <members>Lead.Eloqua_Engage</members>
    <members>Lead.GoogleMaps</members>
    <members>Lead.GoogleNews</members>
    <members>Lead.GoogleSearch</members>
    <members>Lead.LeadActivityOverview</members>
    <members>Private_Pru_Notes__c.New_Account_Note</members>
    <members>Private_Pru_Notes__c.Print_Preview</members>
    <members>Private_Pru_Notes__c.Print_Preview_Product</members>
    <name>WebLink</name>
  </types>
  <types>
    <members>Account</members>
    <members>Additional_Contact_Information__c</members>
    <members>Agent_Client__c</members>
    <members>Asset</members>
    <members>AssetRelationship</members>
    <members>AssistantProgress</members>
    <members>Campaign</members>
    <members>CampaignMember</members>
    <members>Case</members>
    <members>Case_Types_to_Authorize__c</members>
    <members>CDMSettings__c</members>
    <members>Contact</members>
    <members>Contract</members>
    <members>Dependents__c</members>
    <members>DuplicateRecordItem</members>
    <members>DuplicateRecordSet</members>
    <members>EmailMessage</members>
    <members>Event</members>
    <members>ExchangeUserMapping</members>
    <members>FeedItem</members>
    <members>Firm_Mapping__c</members>
    <members>Knowledge__kav</members>
    <members>Lead</members>
    <members>LinkedArticle</members>
    <members>Macro</members>
    <members>MacroAction</members>
    <members>MacroInstruction</members>
    <members>NetworkMember</members>
    <members>Non_Prudential_Product__c</members>
    <members>Opportunity</members>
    <members>OpportunityLineItem</members>
    <members>Order</members>
    <members>OrderItem</members>
    <members>Organization</members>
    <members>Private_Notes__c</members>
    <members>Private_Pru_Notes__c</members>
    <members>Product2</members>
    <members>Product_Agent__c</members>
    <members>Product_Client_Relations__c</members>
    <members>Product_Summary__c</members>
    <members>Quote</members>
    <members>QuoteLineItem</members>
    <members>Relations__c</members>
    <members>Site</members>
    <members>SocialPersona</members>
    <members>SocialPost</members>
    <members>Solution</members>
    <members>StreamingChannel</members>
    <members>Task</members>
    <members>User</members>
    <members>UserLicense</members>
    <members>User_Notifications__c</members>
    <members>User_Product_State_License__c</members>
    <members>WorkBadge</members>
    <members>WorkBadgeDefinition</members>
    <members>WorkThanks</members>
    <name>Workflow</name>
  </types>
  <types>
    <members>Account.Update_Reason</members>
    <members>Case.Status_update</members>
    <members>Case.Update_Case_Type_to_Inbound_Email</members>
    <members>Contact.Update_Reason</members>
    <members>Task.Update_Call_Value</members>
    <name>WorkflowFieldUpdate</name>
  </types>
  <types>
    <members>Account.Update Reason Code</members>
    <members>Case.Delayed Call-back</members>
    <members>Case.New cases without activity</members>
    <members>Case.No activity 3 days</members>
    <members>Case.Update Case type for Email to Case type cases</members>
    <members>Contact.Update Reason Code</members>
    <members>Task.Populate Type</members>
    <name>WorkflowRule</name>
  </types>
  <version>38.0</version>
</Package>